date,year,week,cases,population,incidence_per_100k,epidemic
1990-01-01,1990,1,84268.0,5025196.0,1676.9097165563294,1
1990-01-08,1990,2,93313.0,5025196.0,1856.902695934646,1
1990-01-15,1990,3,96043.0,5025196.0,1911.2289351499921,1
1990-01-22,1990,4,94043.0,5025196.0,1871.429492501387,1
1990-01-29,1990,5,86911.0,5025196.0,1729.504680016461,1
1990-02-05,1990,6,69322.0,5025196.0,1379.488481643303,1
1990-02-12,1990,7,58230.0,5025196.0,1158.760772714139,1
1990-02-19,1990,8,52152.0,5025196.0,1037.8102665050278,0
1990-02-26,1990,9,44710.0,5025196.0,889.7165404095681,0
1990-03-05,1990,10,35270.0,5025196.0,701.8631711081518,0
1990-03-12,1990,11,39309.0,5025196.0,782.2381455370099,0
1990-03-19,1990,12,36082.0,5025196.0,718.0217448234855,0
1990-03-26,1990,13,32499.0,5025196.0,646.7210433185094,0
1990-04-02,1990,14,33407.0,5025196.0,664.7899902809761,0
1990-04-09,1990,15,32838.0,5025196.0,653.4670488474479,0
1990-04-16,1990,16,33065.0,5025196.0,657.9842855880646,0
1990-04-23,1990,17,35581.0,5025196.0,708.0519844400098,0
1990-04-30,1990,18,17151.0,5025196.0,341.3001204331135,0
1990-05-07,1990,19,22559.0,5025196.0,448.91781335494176,0
1990-05-14,1990,20,26323.0,5025196.0,523.8203644196167,0
1990-05-21,1990,21,25763.0,5025196.0,512.6765204780072,0
1990-05-28,1990,22,23478.0,5025196.0,467.2056572519758,0
1990-06-04,1990,23,20161.0,5025196.0,401.1982816192642,0
1990-06-11,1990,24,16423.0,5025196.0,326.8131233090212,0
1990-06-18,1990,25,13958.0,5025196.0,277.7603102446153,0
1990-06-25,1990,26,10876.0,5025196.0,216.4293691231148,0
1990-07-02,1990,27,9303.0,5025196.0,185.12710747998685,0
1990-07-09,1990,28,7468.0,5025196.0,148.61111884989162,0
1990-07-16,1990,29,7148.0,5025196.0,142.24320802611481,0
1990-07-23,1990,30,6875.0,5025196.0,136.8105841045802,0
1990-07-30,1990,31,7347.0,5025196.0,146.20325256965103,0
1990-08-06,1990,32,7498.0,5025196.0,149.2081104896207,0
1990-08-13,1990,33,8386.0,5025196.0,166.8790630256014,0
1990-08-20,1990,34,9704.0,5025196.0,193.10689573103218,0
1990-08-27,1990,35,12828.0,5025196.0,255.27362514815343,0
1990-09-03,1990,36,20843.0,5025196.0,414.76989156243854,0
1990-09-10,1990,37,35496.0,5025196.0,706.3605081274442,0
1990-09-17,1990,38,40840.0,5025196.0,812.7046188845171,0
1990-09-24,1990,39,37774.0,5025196.0,751.6920733042055,0
1990-10-01,1990,40,33706.0,5025196.0,670.7400069569426,0
1990-10-08,1990,41,32139.0,5025196.0,639.5571436417605,0
1990-10-15,1990,42,30277.0,5025196.0,602.5038625359091,0
1990-10-22,1990,43,30185.0,5025196.0,600.6730881740732,0
1990-10-29,1990,44,30199.0,5025196.0,600.9516842726134,0
1990-11-05,1990,45,19454.0,5025196.0,387.1291786429823,0
1990-11-12,1990,46,28616.0,5025196.0,569.4504254162425,0
1990-11-19,1990,47,33589.0,5025196.0,668.4117395619992,0
1990-11-26,1990,48,38370.0,5025196.0,763.5523072134898,0
1990-12-03,1990,49,40229.0,5025196.0,800.5458891553683,0
1990-12-10,1990,50,41106.0,5025196.0,817.9979447567816,0
1990-12-17,1990,51,41643.0,5025196.0,828.6840951079321,0
1990-12-24,1990,52,41752.0,5025196.0,830.8531647322811,0
1990-12-31,1991,1,28586.0,5209325.0,548.7467186247738,0
1991-01-07,1991,2,33787.0,5209325.0,648.5869090525164,0
1991-01-14,1991,3,40850.0,5209325.0,784.1706938998815,0
1991-01-21,1991,4,40543.0,5209325.0,778.2774159799974,0
1991-01-28,1991,5,52712.0,5209325.0,1011.8777384785936,0
1991-02-04,1991,6,77062.0,5209325.0,1479.3087396159772,1
1991-02-11,1991,7,123126.0,5209325.0,2363.569176428808,1
1991-02-18,1991,8,155327.0,5209325.0,2981.710682286093,1
1991-02-25,1991,9,131511.0,5209325.0,2524.5305293872048,1
1991-03-04,1991,10,79590.0,5209325.0,1527.837099816195,1
1991-03-11,1991,11,73857.0,5209325.0,1417.7844538399888,1
1991-03-18,1991,12,55574.0,5209325.0,1066.8176779141252,0
1991-03-25,1991,13,39262.0,5209325.0,753.686898014618,0
1991-04-01,1991,14,38301.0,5209325.0,735.2392104543295,0
1991-04-08,1991,15,35191.0,5209325.0,675.5385774548525,0
1991-04-15,1991,16,35150.0,5209325.0,674.7515273092004,0
1991-04-22,1991,17,32496.0,5209325.0,623.804427636978,0
1991-04-29,1991,18,18449.0,5209325.0,354.1533691985046,0
1991-05-06,1991,19,18179.0,5209325.0,348.97035604420915,0
1991-05-13,1991,20,18596.0,5209325.0,356.9752319158432,0
1991-05-20,1991,21,18118.0,5209325.0,347.79937899823875,0
1991-05-27,1991,22,16356.0,5209325.0,313.97541908020713,0
1991-06-03,1991,23,14940.0,5209325.0,286.79339453768,0
1991-06-10,1991,24,11476.0,5209325.0,220.29725540257135,0
1991-06-17,1991,25,11843.0,5209325.0,227.34231402340995,0
1991-06-24,1991,26,9472.0,5209325.0,181.82777999068978,0
1991-07-01,1991,27,8510.0,5209325.0,163.36089608538535,0
1991-07-08,1991,28,7094.0,5209325.0,136.17887154285825,0
1991-07-15,1991,29,6556.0,5209325.0,125.85123792429921,0
1991-07-22,1991,30,6462.0,5209325.0,124.04678149280377,0
1991-07-29,1991,31,6104.0,5209325.0,117.17448997710837,0
1991-08-05,1991,32,6611.0,5209325.0,126.9070369001742,0
1991-08-12,1991,33,7975.0,5209325.0,153.09085150187406,0
1991-08-19,1991,34,8781.0,5209325.0,168.56310558469667,0
1991-08-26,1991,35,10672.0,5209325.0,204.86339400978054,0
1991-09-02,1991,36,15954.0,5209325.0,306.2584883838117,0
1991-09-09,1991,37,28374.0,5209325.0,544.6770934814011,0
1991-09-16,1991,38,35839.0,5209325.0,687.9778090251616,0
1991-09-23,1991,39,36061.0,5209325.0,692.2393976186934,0
1991-09-30,1991,40,31561.0,5209325.0,605.855845047103,0
1991-10-07,1991,41,26168.0,5209325.0,502.329956376306,0
1991-10-14,1991,42,30203.0,5209325.0,579.7872085154986,0
1991-10-21,1991,43,23738.0,5209325.0,455.68283798764713,0
1991-10-28,1991,44,36280.0,5209325.0,696.4433971771774,0
1991-11-04,1991,45,23786.0,5209325.0,456.60426254841076,0
1991-11-11,1991,46,34856.0,5209325.0,669.1078018745231,0
1991-11-18,1991,47,36866.0,5209325.0,707.6924553565001,0
1991-11-25,1991,48,37867.0,5209325.0,726.907996717425,0
1991-12-02,1991,49,40296.0,5209325.0,773.5359187610679,0
1991-12-09,1991,50,46412.0,5209325.0,890.9407648783672,0
1991-12-16,1991,51,54924.0,5209325.0,1054.3400536537843,1
1991-12-23,1991,52,66037.0,5209325.0,1267.6690358155806,1
1991-12-30,1992,1,46419.0,5034700.0,921.9814487457048,1
1992-01-06,1992,2,48213.0,5034700.0,957.614157745248,1
1992-01-13,1992,3,51612.0,5034700.0,1025.1256281407036,1
1992-01-20,1992,4,51197.0,5034700.0,1016.8828331380221,1
1992-01-27,1992,5,46154.0,5034700.0,916.7179772379685,0
1992-02-03,1992,6,42126.0,5034700.0,836.7132103203766,0
1992-02-10,1992,7,37562.0,5034700.0,746.0623274475142,0
1992-02-17,1992,8,34664.0,5034700.0,688.5017975251753,0
1992-02-24,1992,9,32277.0,5034700.0,641.0908296422825,0
1992-03-02,1992,10,28740.0,5034700.0,570.8383816314775,0
1992-03-09,1992,11,29601.0,5034700.0,587.9396984924623,0
1992-03-16,1992,12,27635.0,5034700.0,548.8906985520488,0
1992-03-23,1992,13,23171.0,5034700.0,460.22603134248317,0
1992-03-30,1992,14,23859.0,5034700.0,473.8911951059646,0
1992-04-06,1992,15,24168.0,5034700.0,480.0286015055515,0
1992-04-13,1992,16,25603.0,5034700.0,508.53079627385944,0
1992-04-20,1992,17,27216.0,5034700.0,540.5684549228355,0
1992-04-27,1992,18,17244.0,5034700.0,342.5030289788865,0
1992-05-04,1992,19,15922.0,5034700.0,316.2452579101039,0
1992-05-11,1992,20,13958.0,5034700.0,277.2359822829563,0
1992-05-18,1992,21,13921.0,5034700.0,276.5010824875365,0
1992-05-25,1992,22,11177.0,5034700.0,221.99932468667447,0
1992-06-01,1992,23,9488.0,5034700.0,188.45214213359287,0
1992-06-08,1992,24,7203.0,5034700.0,143.0671142272628,0
1992-06-15,1992,25,6729.0,5034700.0,133.65245198323635,0
1992-06-22,1992,26,6299.0,5034700.0,125.11172463106044,0
1992-06-29,1992,27,5272.0,5034700.0,104.71328976900311,0
1992-07-06,1992,28,5189.0,5034700.0,103.06473076846684,0
1992-07-13,1992,29,4458.0,5034700.0,88.54549426976781,0
1992-07-20,1992,30,3993.0,5034700.0,79.30959143543807,0
1992-07-27,1992,31,4191.0,5034700.0,83.24229844876557,0
1992-08-03,1992,32,4485.0,5034700.0,89.08177249885793,0
1992-08-10,1992,33,4610.0,5034700.0,91.56454207797883,0
1992-08-17,1992,34,5427.0,5034700.0,107.79192404711304,0
1992-08-24,1992,35,7122.0,5034700.0,141.45827953999245,0
1992-08-31,1992,36,9186.0,5034700.0,182.45377083043678,0
1992-09-07,1992,37,17648.0,5034700.0,350.5273402586053,0
1992-09-14,1992,38,23597.0,5034700.0,468.6873100681272,0
1992-09-21,1992,39,26928.0,5034700.0,534.848153812541,0
1992-09-28,1992,40,25756.0,5034700.0,511.5697062387034,0
1992-10-05,1992,41,29126.0,5034700.0,578.5051740918029,0
1992-10-12,1992,42,31767.0,5034700.0,630.9611297594693,0
1992-10-19,1992,43,30977.0,5034700.0,615.2700260194252,0
1992-10-26,1992,44,31391.0,5034700.0,623.4929588654736,0
1992-11-02,1992,45,29285.0,5034700.0,581.6632569964447,0
1992-11-09,1992,46,27019.0,5034700.0,536.655610066141,0
1992-11-16,1992,47,32335.0,5034700.0,642.2428347269946,0
1992-11-23,1992,48,34886.0,5034700.0,692.911196297694,0
1992-11-30,1992,49,38994.0,5034700.0,774.5049357459233,0
1992-12-07,1992,50,37579.0,5034700.0,746.3999841102747,0
1992-12-14,1992,51,35624.0,5034700.0,707.5694678928238,0
1992-12-21,1992,52,29665.0,5034700.0,589.2108765169722,0
1993-01-04,1993,1,21617.0,5003800.0,432.01167112994125,0
1993-01-11,1993,2,27215.0,5003800.0,543.8866461489268,0
1993-01-18,1993,3,41975.0,5003800.0,838.8624645269595,1
1993-01-25,1993,4,53633.0,5003800.0,1071.8453974979016,1
1993-02-01,1993,5,64376.0,5003800.0,1286.542227906791,1
1993-02-08,1993,6,64234.0,5003800.0,1283.7043846676527,1
1993-02-15,1993,7,55542.0,5003800.0,1109.9964027339222,1
1993-02-22,1993,8,38281.0,5003800.0,765.0385706862784,0
1993-03-01,1993,9,41091.0,5003800.0,821.1958911227467,0
1993-03-08,1993,10,35313.0,5003800.0,705.7236500259803,0
1993-03-15,1993,11,31833.0,5003800.0,636.1765058555497,0
1993-03-22,1993,12,33743.0,5003800.0,674.3474959031137,0
1993-03-29,1993,13,28421.0,5003800.0,567.9883288700588,0
1993-04-05,1993,14,26269.0,5003800.0,524.981014429034,0
1993-04-12,1993,15,27870.0,5003800.0,556.9766977097406,0
1993-04-19,1993,16,31211.0,5003800.0,623.7459530756624,0
1993-04-26,1993,17,33759.0,5003800.0,674.6672528878053,0
1993-05-03,1993,18,29174.0,5003800.0,583.0368919621088,0
1993-05-10,1993,19,18566.0,5003800.0,371.0380111115552,0
1993-05-17,1993,20,17636.0,5003800.0,352.45213637635396,0
1993-05-24,1993,21,15814.0,5003800.0,316.0398097445941,0
1993-05-31,1993,22,13913.0,5003800.0,278.0486830009193,0
1993-06-07,1993,23,12271.0,5003800.0,245.23362244694033,0
1993-06-14,1993,24,10695.0,5003800.0,213.73755945481435,0
1993-06-21,1993,25,9789.0,5003800.0,195.63132019665053,0
1993-06-28,1993,26,9449.0,5003800.0,188.8364842719533,0
1993-07-05,1993,27,8270.0,5003800.0,165.2743914624885,0
1993-07-12,1993,28,7068.0,5003800.0,141.25264798752949,0
1993-07-19,1993,29,5881.0,5003800.0,117.53067668571886,0
1993-07-26,1993,30,4540.0,5003800.0,90.73104440625124,0
1993-08-02,1993,31,4576.0,5003800.0,91.45049762180743,0
1993-08-09,1993,32,4543.0,5003800.0,90.79099884088093,0
1993-08-16,1993,33,4769.0,5003800.0,95.30756624965026,0
1993-08-23,1993,34,5462.0,5003800.0,109.15704064910668,0
1993-08-30,1993,35,6739.0,5003800.0,134.67764498980776,0
1993-09-06,1993,36,9435.0,5003800.0,188.55669691034814,0
1993-09-13,1993,37,17732.0,5003800.0,354.37067828450375,0
1993-09-20,1993,38,28528.0,5003800.0,570.126703705184,0
1993-09-27,1993,39,29960.0,5003800.0,598.7449538350853,0
1993-10-04,1993,40,27983.0,5003800.0,559.2349814141253,0
1993-10-11,1993,41,26534.0,5003800.0,530.2769894879891,0
1993-10-18,1993,42,25163.0,5003800.0,502.8778128622247,0
1993-10-25,1993,43,25309.0,5003800.0,505.7955953475359,0
1993-11-01,1993,44,25384.0,5003800.0,507.2944562132779,0
1993-11-08,1993,45,24053.0,5003800.0,480.69467204924257,0
1993-11-15,1993,46,27779.0,5003800.0,555.1580798593069,0
1993-11-22,1993,47,30727.0,5003800.0,614.0733042887406,0
1993-11-29,1993,48,35215.0,5003800.0,703.765138494744,0
1993-12-06,1993,49,37848.0,5003800.0,756.385147288061,0
1993-12-13,1993,50,32973.0,5003800.0,658.9591910148288,0
1993-12-20,1993,51,29964.0,5003800.0,598.8248930812582,0
1993-12-27,1993,52,26649.0,5003800.0,532.5752428154602,0
1994-01-03,1994,1,18129.0,4919538.0,368.5102137639754,0
1994-01-10,1994,2,14697.0,4919538.0,298.7475653201581,0
1994-01-17,1994,3,26275.0,4919538.0,534.0948682579543,0
1994-01-24,1994,4,32528.0,4919538.0,661.2002997029396,0
1994-01-31,1994,5,39948.0,4919538.0,812.0274708722649,0
1994-02-07,1994,6,43923.0,4919538.0,892.8277411415462,0
1994-02-14,1994,7,51966.0,4919538.0,1056.31870309773,1
1994-02-21,1994,8,57226.0,4919538.0,1163.239312309408,1
1994-02-28,1994,9,49030.0,4919538.0,996.6383022145576,1
1994-03-07,1994,10,42395.0,4919538.0,861.7679139789143,1
1994-03-14,1994,11,19613.0,4919538.0,398.67564799784043,0
1994-03-21,1994,12,27474.0,4919538.0,558.467075566852,0
1994-03-28,1994,13,20959.0,4919538.0,426.03594077330024,0
1994-04-04,1994,14,19144.0,4919538.0,389.14223246166614,0
1994-04-11,1994,15,18377.0,4919538.0,373.55133754429784,0
1994-04-18,1994,16,19647.0,4919538.0,399.36676980643307,0
1994-04-25,1994,17,20538.0,4919538.0,417.47822661396253,0
1994-05-02,1994,18,19577.0,4919538.0,397.943871965213,0
1994-05-09,1994,19,13002.0,4919538.0,264.2931104506155,0
1994-05-16,1994,20,13688.0,4919538.0,278.23750929457196,0
1994-05-23,1994,21,15273.0,4919538.0,310.4559818421974,0
1994-05-30,1994,22,13977.0,4919538.0,284.11204466760904,0
1994-06-06,1994,23,12640.0,4919538.0,256.9346959003061,0
1994-06-13,1994,24,10131.0,4919538.0,205.93397184857602,0
1994-06-20,1994,25,7533.0,4919538.0,153.12413482729477,0
1994-06-27,1994,26,7669.0,4919538.0,155.88862206166513,0
1994-07-04,1994,27,6208.0,4919538.0,126.19071140420097,0
1994-07-11,1994,28,5393.0,4919538.0,109.6241151099961,0
1994-07-18,1994,29,4150.0,4919538.0,84.3575148723315,0
1994-07-25,1994,30,4003.0,4919538.0,81.36942940576941,0
1994-08-01,1994,31,3776.0,4919538.0,76.75517497781296,0
1994-08-08,1994,32,3619.0,4919538.0,73.56381839107657,0
1994-08-15,1994,33,4230.0,4919538.0,85.98368383372585,0
1994-08-22,1994,34,4970.0,4919538.0,101.02574672662351,0
1994-08-29,1994,35,5728.0,4919538.0,116.4336976358349,0
1994-09-05,1994,36,7399.0,4919538.0,150.40030181695923,0
1994-09-12,1994,37,12729.0,4919538.0,258.7438088698573,0
1994-09-19,1994,38,18947.0,4919538.0,385.1377913942325,0
1994-09-26,1994,39,21293.0,4919538.0,432.82519618712166,0
1994-10-03,1994,40,18813.0,4919538.0,382.413958383897,0
1994-10-10,1994,41,20586.0,4919538.0,418.4539279907991,0
1994-10-17,1994,42,20337.0,4919538.0,413.39247709845927,0
1994-10-24,1994,43,21350.0,4919538.0,433.9838415721151,0
1994-10-31,1994,44,19936.0,4919538.0,405.2413051794701,0
1994-11-07,1994,45,18581.0,4919538.0,377.69806839585345,0
1994-11-14,1994,46,18046.0,4919538.0,366.82306346652877,0
1994-11-21,1994,47,23130.0,4919538.0,470.16610096313923,0
1994-11-28,1994,48,26167.0,4919538.0,531.899540160072,0
1994-12-05,1994,49,26183.0,4919538.0,532.2247739523508,0
1994-12-12,1994,50,26342.0,4919538.0,535.4567847631221,0
1994-12-19,1994,51,21410.0,4919538.0,435.2034682931609,0
1994-12-26,1994,52,24621.0,4919538.0,500.47382498112626,0
1995-01-02,1995,1,18510.0,4860300.0,380.8406888463675,0
1995-01-09,1995,2,13172.0,4860300.0,271.01207744377916,0
1995-01-16,1995,3,17220.0,4860300.0,354.2991173384359,0
1995-01-23,1995,4,20719.0,4860300.0,426.29055819599614,0
1995-01-30,1995,5,23120.0,4860300.0,475.6908009793634,0
1995-02-06,1995,6,25918.0,4860300.0,533.2592638314508,0
1995-02-13,1995,7,29702.0,4860300.0,611.1145402547168,0
1995-02-20,1995,8,34974.0,4860300.0,719.5852107894574,0
1995-02-27,1995,9,36441.0,4860300.0,749.7685328066169,0
1995-03-06,1995,10,44534.0,4860300.0,916.2808880110281,0
1995-03-13,1995,11,41760.0,4860300.0,859.2062218381582,1
1995-03-20,1995,12,56144.0,4860300.0,1155.1550315824127,1
1995-03-27,1995,13,57993.0,4860300.0,1193.1979507437813,1
1995-04-03,1995,14,47494.0,4860300.0,977.1824784478324,1
1995-04-10,1995,15,38828.0,4860300.0,798.8807275271074,1
1995-04-17,1995,16,33466.0,4860300.0,688.5583194453018,0
1995-04-24,1995,17,26042.0,4860300.0,535.8105466740736,0
1995-05-01,1995,18,20481.0,4860300.0,421.39374112709095,0
1995-05-08,1995,19,14521.0,4860300.0,298.76756578812007,0
1995-05-15,1995,20,11774.0,4860300.0,242.24842087936958,0
1995-05-22,1995,21,14753.0,4860300.0,303.54093368722096,0
1995-05-29,1995,22,12463.0,4860300.0,256.42450054523385,0
1995-06-05,1995,23,12234.0,4860300.0,251.71285723103512,0
1995-06-12,1995,24,8087.0,4860300.0,166.38890603460692,0
1995-06-19,1995,25,5689.0,4860300.0,117.05038783614181,0
1995-06-26,1995,26,5990.0,4860300.0,123.24342118799251,0
1995-07-03,1995,27,5259.0,4860300.0,108.20319733349793,0
1995-07-10,1995,28,4774.0,4860300.0,98.22438944098101,0
1995-07-17,1995,29,4652.0,4860300.0,95.71425632162624,0
1995-07-24,1995,30,4411.0,4860300.0,90.75571466781886,0
1995-07-31,1995,31,3752.0,4860300.0,77.19688085097627,0
1995-08-07,1995,32,3979.0,4860300.0,81.86737444190688,0
1995-08-14,1995,33,3945.0,4860300.0,81.16782914634899,0
1995-08-21,1995,34,4092.0,4860300.0,84.19233380655515,0
1995-08-28,1995,35,4554.0,4860300.0,93.6979198814888,0
1995-09-04,1995,36,5313.0,4860300.0,109.31423986173694,0
1995-09-11,1995,37,7850.0,4860300.0,161.51266382733576,0
1995-09-18,1995,38,14611.0,4860300.0,300.61930333518507,0
1995-09-25,1995,39,21506.0,4860300.0,442.48297430199784,0
1995-10-02,1995,40,22001.0,4860300.0,452.6675308108553,0
1995-10-09,1995,41,23435.0,4860300.0,482.1718823940909,0
1995-10-16,1995,42,23555.0,4860300.0,484.64086579017754,0
1995-10-23,1995,43,24833.0,4860300.0,510.9355389585005,0
1995-10-30,1995,44,23831.0,4860300.0,490.3195276011769,0
1995-11-06,1995,45,25383.0,4860300.0,522.251712857231,0
1995-11-13,1995,46,16348.0,4860300.0,336.3578379935395,0
1995-11-20,1995,47,25185.0,4860300.0,518.177890253688,0
1995-11-27,1995,48,25612.0,4860300.0,526.9633561714297,0
1995-12-04,1995,49,27826.0,4860300.0,572.5160998292287,1
1995-12-11,1995,50,38203.0,4860300.0,786.0214390058227,1
1995-12-18,1995,51,47234.0,4860300.0,971.833014422978,1
1995-12-25,1995,52,88940.0,4860300.0,1829.9281937328972,1
1996-01-01,1995,53,96381.0,4860300.0,1983.0257391519042,0
1996-01-01,1996,1,54729.0,4888542.0,1119.5362543678668,1
1996-01-08,1996,2,41945.0,4888542.0,858.0267899917808,1
1996-01-15,1996,3,30481.0,4888542.0,623.5192415243645,1
1996-01-22,1996,4,22598.0,4888542.0,462.2646179576651,0
1996-01-29,1996,5,21718.0,4888542.0,444.2633406852186,0
1996-02-05,1996,6,23959.0,4888542.0,490.1052297392556,0
1996-02-12,1996,7,24612.0,4888542.0,503.46299571528687,0
1996-02-19,1996,8,24102.0,4888542.0,493.03043729602814,0
1996-02-26,1996,9,22198.0,4888542.0,454.08221919746217,0
1996-03-04,1996,10,16899.0,4888542.0,345.6858916216737,0
1996-03-11,1996,11,20198.0,4888542.0,413.17022539644745,0
1996-03-18,1996,12,18670.0,4888542.0,381.9134621324722,0
1996-03-25,1996,13,14894.0,4888542.0,304.6716178361565,0
1996-04-01,1996,14,17648.0,4888542.0,361.0074333001537,0
1996-04-08,1996,15,17370.0,4888542.0,355.32066616181265,0
1996-04-15,1996,16,17122.0,4888542.0,350.24757893048684,0
1996-04-22,1996,17,17816.0,4888542.0,364.4440407794389,0
1996-04-29,1996,18,12240.0,4888542.0,250.38140206220996,0
1996-05-06,1996,19,12099.0,4888542.0,247.4971064992384,0
1996-05-13,1996,20,11557.0,4888542.0,236.40995617916343,0
1996-05-20,1996,21,11260.0,4888542.0,230.33452509971275,0
1996-05-27,1996,22,9300.0,4888542.0,190.24077117471836,0
1996-06-03,1996,23,7965.0,4888542.0,162.93201531254104,0
1996-06-10,1996,24,5858.0,4888542.0,119.83122984317205,0
1996-06-17,1996,25,6374.0,4888542.0,130.38652424383383,0
1996-06-24,1996,26,5494.0,4888542.0,112.38524697138737,0
1996-07-01,1996,27,4027.0,4888542.0,82.3762995183431,0
1996-07-08,1996,28,4216.0,4888542.0,86.24248293253899,0
1996-07-15,1996,29,4005.0,4888542.0,81.92626758653194,0
1996-07-22,1996,30,3773.0,4888542.0,77.18047630561423,0
1996-07-29,1996,31,3751.0,4888542.0,76.73044437380307,0
1996-08-05,1996,32,3645.0,4888542.0,74.56210870234929,0
1996-08-12,1996,33,3623.0,4888542.0,74.11207677053812,0
1996-08-19,1996,34,3831.0,4888542.0,78.36692412584365,0
1996-08-26,1996,35,4373.0,4888542.0,89.45407444591864,0
1996-09-02,1996,36,6581.0,4888542.0,134.62091560223888,0
1996-09-09,1996,37,11336.0,4888542.0,231.8891808641513,0
1996-09-16,1996,38,19273.0,4888542.0,394.24842826347816,0
1996-09-23,1996,39,22109.0,4888542.0,452.26163547331697,0
1996-09-30,1996,40,23175.0,4888542.0,474.0677281692578,0
1996-10-07,1996,41,21986.0,4888542.0,449.7455478545546,0
1996-10-14,1996,42,22149.0,4888542.0,453.07987534933727,0
1996-10-21,1996,43,23958.0,4888542.0,490.0847737423551,0
1996-10-28,1996,44,24625.0,4888542.0,503.7289236749935,0
1996-11-04,1996,45,19080.0,4888542.0,390.3004208616802,0
1996-11-11,1996,46,23567.0,4888542.0,482.08647895425673,0
1996-11-18,1996,47,23857.0,4888542.0,488.01871805540384,0
1996-11-25,1996,48,26384.0,4888542.0,539.7110222229859,0
1996-12-02,1996,49,27100.0,4888542.0,554.3575160037492,0
1996-12-09,1996,50,25646.0,4888542.0,524.6144965104115,0
1996-12-16,1996,51,24117.0,4888542.0,493.33727724953576,0
1996-12-23,1996,52,22680.0,4888542.0,463.9420097035067,0
1996-12-30,1997,1,14367.0,4888542.0,293.8913074695891,0
1997-01-06,1997,2,20728.0,4888542.0,424.01190375371635,0
1997-01-13,1997,3,33788.0,4888542.0,691.1672232743423,0
1997-01-20,1997,4,62035.0,4888542.0,1268.9877677229733,1
1997-01-27,1997,5,79966.0,4888542.0,1635.7842481459707,1
1997-02-03,1997,6,69729.0,4888542.0,1426.376207875477,1
1997-02-10,1997,7,50594.0,4888542.0,1034.9507071842688,1
1997-02-17,1997,8,38191.0,4888542.0,781.2349776272762,0
1997-02-24,1997,9,29451.0,4888542.0,602.4495647168419,0
1997-03-03,1997,10,22311.0,4888542.0,456.39374684721946,0
1997-03-10,1997,11,20015.0,4888542.0,409.4267779636546,0
1997-03-17,1997,12,20962.0,4888542.0,428.7986070284351,0
1997-03-24,1997,13,18526.0,4888542.0,378.96779857879915,0
1997-03-31,1997,14,19171.0,4888542.0,392.1619165796264,0
1997-04-07,1997,15,19576.0,4888542.0,400.4465953243319,0
1997-04-14,1997,16,21872.0,4888542.0,447.41356420789674,0
1997-04-21,1997,17,21416.0,4888542.0,438.0856296212654,0
1997-04-28,1997,18,14985.0,4888542.0,306.5331135541026,0
1997-05-05,1997,19,15978.0,4888542.0,326.84591847630645,0
1997-05-12,1997,20,13917.0,4888542.0,284.6861088643608,0
1997-05-19,1997,21,12846.0,4888542.0,262.7777361839174,0
1997-05-26,1997,22,11497.0,4888542.0,235.182596365133,0
1997-06-02,1997,23,10082.0,4888542.0,206.2373607509151,0
1997-06-09,1997,24,7220.0,4888542.0,147.69229762166307,0
1997-06-16,1997,25,7289.0,4888542.0,149.10376140779806,0
1997-06-23,1997,26,6073.0,4888542.0,124.22926917678113,0
1997-06-30,1997,27,4738.0,4888542.0,96.92051331460382,0
1997-07-07,1997,28,3903.0,4888542.0,79.83975590268018,0
1997-07-14,1997,29,3966.0,4888542.0,81.12848370741214,0
1997-07-21,1997,30,3823.0,4888542.0,78.2032761506396,0
1997-07-28,1997,31,3635.0,4888542.0,74.35754873334422,0
1997-08-04,1997,32,3723.0,4888542.0,76.15767646058886,0
1997-08-11,1997,33,4175.0,4888542.0,85.40378705961818,0
1997-08-18,1997,34,4742.0,4888542.0,97.00233730220585,0
1997-08-25,1997,35,5823.0,4888542.0,119.1152699516543,0
1997-09-01,1997,36,8580.0,4888542.0,175.51245340635305,0
1997-09-08,1997,37,17227.0,4888542.0,352.3954586050401,0
1997-09-15,1997,38,23901.0,4888542.0,488.9187819190262,0
1997-09-22,1997,39,25658.0,4888542.0,524.8599684732176,0
1997-09-29,1997,40,25556.0,4888542.0,522.7734567893658,0
1997-10-06,1997,41,24566.0,4888542.0,502.52201985786354,0
1997-10-13,1997,42,24811.0,4888542.0,507.53373909848784,0
1997-10-20,1997,43,26192.0,4888542.0,535.7834708180885,0
1997-10-27,1997,44,25524.0,4888542.0,522.1188648885496,0
1997-11-03,1997,45,19181.0,4888542.0,392.36647654863145,0
1997-11-10,1997,46,24056.0,4888542.0,492.0894614386048,0
1997-11-17,1997,47,24133.0,4888542.0,493.66457319994385,0
1997-11-24,1997,48,25437.0,4888542.0,520.3391931582055,0
1997-12-01,1997,49,27106.0,4888542.0,554.4802519851522,0
1997-12-08,1997,50,22966.0,4888542.0,469.79242481705177,0
1997-12-15,1997,51,27983.0,4888542.0,572.4201612668971,0
1997-12-22,1997,52,23817.0,4888542.0,487.20047817938354,0
1997-12-29,1998,1,13715.0,4778900.0,286.990730084329,0
1998-01-05,1998,2,14131.0,4778900.0,295.6956621816736,0
1998-01-12,1998,3,16943.0,4778900.0,354.5376551089163,0
1998-01-19,1998,4,17992.0,4778900.0,376.48831321015297,0
1998-01-26,1998,5,21305.0,4778900.0,445.8138902257842,0
1998-02-02,1998,6,27926.0,4778900.0,584.3604176693382,0
1998-02-09,1998,7,38217.0,4778900.0,799.7028604909079,0
1998-02-16,1998,8,49661.0,4778900.0,1039.1721944380506,1
1998-02-23,1998,9,52295.0,4778900.0,1094.2894808428719,1
1998-03-02,1998,10,50107.0,4778900.0,1048.504886061646,1
1998-03-09,1998,11,45418.0,4778900.0,950.3860721086443,1
1998-03-16,1998,12,45693.0,4778900.0,956.14053443261,1
1998-03-23,1998,13,37192.0,4778900.0,778.2544100106719,0
1998-03-30,1998,14,32707.0,4778900.0,684.4043608361757,0
1998-04-06,1998,15,29783.0,4778900.0,623.2187323442633,0
1998-04-13,1998,16,28207.0,4778900.0,590.2404318985541,0
1998-04-20,1998,17,24356.0,4778900.0,509.6570340454916,0
1998-04-27,1998,18,15804.0,4778900.0,330.7037184289272,0
1998-05-04,1998,19,13279.0,4778900.0,277.8672916361506,0
1998-05-11,1998,20,10915.0,4778900.0,228.39984096758667,0
1998-05-18,1998,21,11230.0,4778900.0,234.99131599322018,0
1998-05-25,1998,22,11110.0,4778900.0,232.48027788821696,0
1998-06-01,1998,23,8785.0,4778900.0,183.8289146037791,0
1998-06-08,1998,24,7082.0,4778900.0,148.19309883027475,0
1998-06-15,1998,25,6224.0,4778900.0,130.23917637950157,0
1998-06-22,1998,26,5969.0,4778900.0,124.90322040636967,0
1998-06-29,1998,27,4966.0,4778900.0,103.9151269120509,0
1998-07-06,1998,28,4093.0,4778900.0,85.64732469815229,0
1998-07-13,1998,29,3779.0,4778900.0,79.07677499006047,0
1998-07-20,1998,30,3949.0,4778900.0,82.6340789721484,0
1998-07-27,1998,31,4033.0,4778900.0,84.39180564565068,0
1998-08-03,1998,32,3924.0,4778900.0,82.11094603360606,0
1998-08-10,1998,33,4283.0,4778900.0,89.6231350310741,0
1998-08-17,1998,34,4871.0,4778900.0,101.92722174558999,0
1998-08-24,1998,35,5794.0,4778900.0,121.24128983657327,0
1998-08-31,1998,36,7588.0,4778900.0,158.78130950637177,0
1998-09-07,1998,37,12923.0,4778900.0,270.4178785913076,0
1998-09-14,1998,38,18388.0,4778900.0,384.77473895666367,0
1998-09-21,1998,39,21363.0,4778900.0,447.0275586432024,0
1998-09-28,1998,40,24079.0,4778900.0,503.8607210864425,0
1998-10-05,1998,41,27824.0,4778900.0,582.2260352800854,0
1998-10-12,1998,42,29640.0,4778900.0,620.2264119358011,0
1998-10-19,1998,43,28995.0,4778900.0,606.7295821214087,0
1998-10-26,1998,44,27340.0,4778900.0,572.0981815899056,0
1998-11-02,1998,45,22696.0,4778900.0,474.9210069262801,0
1998-11-09,1998,46,22408.0,4778900.0,468.89451547427234,0
1998-11-16,1998,47,26877.0,4778900.0,562.4097595681014,0
1998-11-23,1998,48,28913.0,4778900.0,605.0137060829898,0
1998-11-30,1998,49,32377.0,4778900.0,677.4990060474167,0
1998-12-07,1998,50,31457.0,4778900.0,658.2477139090586,0
1998-12-14,1998,51,29978.0,4778900.0,627.2991692648936,0
1998-12-21,1998,52,27021.0,4778900.0,565.4230052941053,0
1999-01-04,1999,1,19194.0,4778900.0,401.64054489526876,0
1999-01-11,1999,2,17621.0,4778900.0,368.7250204021846,0
1999-01-18,1999,3,25340.0,4778900.0,530.2475465065182,0
1999-01-25,1999,4,38638.0,4778900.0,808.512419175961,1
1999-02-01,1999,5,53674.0,4778900.0,1123.1454937328674,1
1999-02-08,1999,6,84513.0,4778900.0,1768.4613614011594,1
1999-02-15,1999,7,104529.0,4778900.0,2187.3025173157002,1
1999-02-22,1999,8,86797.0,4778900.0,1816.2547866663876,1
1999-03-01,1999,9,63147.0,4778900.0,1321.3710268053317,1
1999-03-08,1999,10,40445.0,4778900.0,846.3244679738015,0
1999-03-15,1999,11,25906.0,4778900.0,542.0912762351169,0
1999-03-22,1999,12,24337.0,4778900.0,509.25945301219946,0
1999-03-29,1999,13,19453.0,4778900.0,407.06020213856743,0
1999-04-05,1999,14,17736.0,4778900.0,371.1314319194794,0
1999-04-12,1999,15,18762.0,4778900.0,392.6008077172571,0
1999-04-19,1999,16,20057.0,4778900.0,419.6990939337504,0
1999-04-26,1999,17,19739.0,4778900.0,413.04484295549184,0
1999-05-03,1999,18,18476.0,4778900.0,386.6161669003327,0
1999-05-10,1999,19,13420.0,4778900.0,280.8177614095294,0
1999-05-17,1999,20,14719.0,4778900.0,307.9997488961895,0
1999-05-24,1999,21,14993.0,4778900.0,313.73328590261355,0
1999-05-31,1999,22,13793.0,4778900.0,288.62290485258114,0
1999-06-07,1999,23,10713.0,4778900.0,224.17292682416456,0
1999-06-14,1999,24,7851.0,4778900.0,164.2846680198372,0
1999-06-21,1999,25,5904.0,4778900.0,123.54307476615958,0
1999-06-28,1999,26,5567.0,4778900.0,116.4912427546088,0
1999-07-05,1999,27,4749.0,4778900.0,99.37433300550336,0
1999-07-12,1999,28,4271.0,4778900.0,89.37203122057377,0
1999-07-19,1999,29,4119.0,4778900.0,86.19138295423633,0
1999-07-26,1999,30,4438.0,4778900.0,92.86655925003662,0
1999-08-02,1999,31,4516.0,4778900.0,94.49873401828873,0
1999-08-09,1999,32,4410.0,4778900.0,92.2806503588692,0
1999-08-16,1999,33,4502.0,4778900.0,94.20577957270501,0
1999-08-23,1999,34,5286.0,4778900.0,110.61122852539287,0
1999-08-30,1999,35,5763.0,4778900.0,120.59260499278076,0
1999-09-06,1999,36,7350.0,4778900.0,153.80108393144866,0
1999-09-13,1999,37,10825.0,4778900.0,226.51656238883425,0
1999-09-20,1999,38,17367.0,4778900.0,363.4099897465944,0
1999-09-27,1999,39,20830.0,4778900.0,435.87436439347965,0
1999-10-04,1999,40,22877.0,4778900.0,478.7084894013267,0
1999-10-11,1999,41,22125.0,4778900.0,462.972650609973,0
1999-10-18,1999,42,22727.0,4778900.0,475.5696917700726,0
1999-10-25,1999,43,24447.0,4778900.0,511.56123794178575,0
1999-11-01,1999,44,23760.0,4778900.0,497.1855447906422,0
1999-11-08,1999,45,19833.0,4778900.0,415.01182280441105,0
1999-11-15,1999,46,18079.0,4778900.0,378.3088158362803,0
1999-11-22,1999,47,22273.0,4778900.0,466.06959760614365,0
1999-11-29,1999,48,24601.0,4778900.0,514.7837368432066,0
1999-12-06,1999,49,26189.0,4778900.0,548.0131410994162,0
1999-12-13,1999,50,27157.0,4778900.0,568.2688484797757,0
1999-12-20,1999,51,23246.0,4778900.0,486.42993157421165,0
1999-12-27,1999,52,23618.0,4778900.0,494.2141496997217,0
2000-01-03,2000,1,18043.0,4778900.0,377.55550440477936,0
2000-01-10,2000,2,11114.0,4778900.0,232.56397915838372,0
2000-01-17,2000,3,21019.0,4778900.0,439.82924940885977,0
2000-01-24,2000,4,27657.0,4778900.0,578.7315072506225,0
2000-01-31,2000,5,36941.0,4778900.0,773.0021553077067,0
2000-02-07,2000,6,51143.0,4778900.0,1070.1835150348406,1
2000-02-14,2000,7,63058.0,4778900.0,1319.508673544121,1
2000-02-21,2000,8,58856.0,4778900.0,1231.580489233924,1
2000-02-28,2000,9,49504.0,4778900.0,1035.8869195840048,1
2000-03-06,2000,10,44254.0,4778900.0,926.0290024901128,0
2000-03-13,2000,11,30418.0,4778900.0,636.5063089832388,0
2000-03-20,2000,12,30345.0,4778900.0,634.9787608026952,0
2000-03-27,2000,13,23803.0,4778900.0,498.08533344493503,0
2000-04-03,2000,14,20691.0,4778900.0,432.96574525518423,0
2000-04-10,2000,15,19438.0,4778900.0,406.74632237544205,0
2000-04-17,2000,16,20500.0,4778900.0,428.9690096047207,0
2000-04-24,2000,17,20608.0,4778900.0,431.2289438992237,0
2000-05-01,2000,18,18714.0,4778900.0,391.5963924752558,0
2000-05-08,2000,19,14958.0,4778900.0,313.0008997886543,0
2000-05-15,2000,20,11120.0,4778900.0,232.6895310636339,0
2000-05-22,2000,21,14248.0,4778900.0,298.14392433405175,0
2000-05-29,2000,22,12857.0,4778900.0,269.03680763355584,0
2000-06-05,2000,23,11113.0,4778900.0,232.54305384084205,0
2000-06-12,2000,24,9621.0,4778900.0,201.32248006863503,0
2000-06-19,2000,25,7693.0,4778900.0,160.9784678482496,0
2000-06-26,2000,26,7690.0,4778900.0,160.91569189562452,0
2000-07-03,2000,27,7220.0,4778900.0,151.08079265102847,0
2000-07-10,2000,28,6101.0,4778900.0,127.66536232187323,0
2000-07-17,2000,29,5453.0,4778900.0,114.10575655485572,0
2000-07-24,2000,30,5362.0,4778900.0,112.2015526585616,0
2000-07-31,2000,31,5395.0,4778900.0,112.89208813743748,0
2000-08-07,2000,32,5446.0,4778900.0,113.95927933206386,0
2000-08-14,2000,33,5285.0,4778900.0,110.59030320785118,0
2000-08-21,2000,34,6049.0,4778900.0,126.57724580970516,0
2000-08-28,2000,35,6730.0,4778900.0,140.82738705559856,0
2000-09-04,2000,36,7382.0,4778900.0,154.47069409278285,0
2000-09-11,2000,37,9623.0,4778900.0,201.36433070371842,0
2000-09-18,2000,38,15833.0,4778900.0,331.31055263763625,0
2000-09-25,2000,39,21301.0,4778900.0,445.7301889556174,0
2000-10-02,2000,40,24219.0,4778900.0,506.7902655422796,0
2000-10-09,2000,41,24505.0,4778900.0,512.774906359204,0
2000-10-16,2000,42,26871.0,4778900.0,562.2842076628513,0
2000-10-23,2000,43,27470.0,4778900.0,574.8184728703258,0
2000-10-30,2000,44,27980.0,4778900.0,585.4903848165895,0
2000-11-06,2000,45,28112.0,4778900.0,588.2525267320932,0
2000-11-13,2000,46,17494.0,4778900.0,366.0675050743895,0
2000-11-20,2000,47,21994.0,4778900.0,460.2314340120111,0
2000-11-27,2000,48,23458.0,4778900.0,490.8660988930507,0
2000-12-04,2000,49,25561.0,4778900.0,534.8720416832325,0
2000-12-11,2000,50,29146.0,4778900.0,609.8893050702044,0
2000-12-18,2000,51,18405.0,4778900.0,385.13046935487245,0
2000-12-25,2000,52,23575.0,4778900.0,493.3143610454289,0
2001-01-01,2000,53,21750.0,4778900.0,455.1256565318379,0
2001-01-01,2001,1,15169.0,4778900.0,317.41614178995167,0
2001-01-08,2001,2,19091.0,4778900.0,399.48523718847434,0
2001-01-15,2001,3,25331.0,4778900.0,530.059218648643,0
2001-01-22,2001,4,31533.0,4778900.0,659.8380380422273,0
2001-01-29,2001,5,34575.0,4778900.0,723.4928540040595,0
2001-02-05,2001,6,39538.0,4778900.0,827.3452049634853,0
2001-02-12,2001,7,38044.0,4778900.0,796.082780556195,0
2001-02-19,2001,8,33500.0,4778900.0,700.9981376467388,0
2001-02-26,2001,9,29984.0,4778900.0,627.4247211701438,0
2001-03-05,2001,10,22036.0,4778900.0,461.1102973487623,0
2001-03-12,2001,11,22073.0,4778900.0,461.88453409780493,0
2001-03-19,2001,12,22725.0,4778900.0,475.5278411349892,0
2001-03-26,2001,13,19327.0,4778900.0,404.42361212831406,0
2001-04-02,2001,14,20562.0,4778900.0,430.26637929230577,0
2001-04-09,2001,15,20808.0,4778900.0,435.4140074075624,0
2001-04-16,2001,16,24106.0,4778900.0,504.4257046600682,0
2001-04-23,2001,17,26169.0,4778900.0,547.5946347485823,0
2001-04-30,2001,18,12216.0,4778900.0,255.62367908933018,0
2001-05-07,2001,19,15518.0,4778900.0,324.71907761200276,0
2001-05-14,2001,20,15871.0,4778900.0,332.10571470422065,0
2001-05-21,2001,21,14961.0,4778900.0,313.0636757412794,0
2001-05-28,2001,22,13671.0,4778900.0,286.0700161124945,0
2001-06-04,2001,23,12374.0,4778900.0,258.9298792609178,0
2001-06-11,2001,24,7677.0,4778900.0,160.6436627675825,0
2001-06-18,2001,25,8195.0,4778900.0,171.48297725417984,0
2001-06-25,2001,26,6720.0,4778900.0,140.61813388018163,0
2001-07-02,2001,27,5262.0,4778900.0,110.10902090439222,0
2001-07-09,2001,28,4820.0,4778900.0,100.86003055096361,0
2001-07-16,2001,29,4626.0,4778900.0,96.80051894787503,0
2001-07-23,2001,30,4742.0,4778900.0,99.2278557827115,0
2001-07-30,2001,31,4862.0,4778900.0,101.73889388771475,0
2001-08-06,2001,32,5027.0,4778900.0,105.1915712820942,0
2001-08-13,2001,33,5663.0,4778900.0,118.50007323861139,0
2001-08-20,2001,34,5817.0,4778900.0,121.72257214003223,0
2001-08-27,2001,35,6469.0,4778900.0,135.36587917721653,0
2001-09-03,2001,36,8120.0,4778900.0,169.9135784385528,0
2001-09-10,2001,37,12798.0,4778900.0,267.80221389859594,0
2001-09-17,2001,38,16404.0,4778900.0,343.2589089539434,0
2001-09-24,2001,39,18813.0,4778900.0,393.6679989118835,0
2001-10-01,2001,40,21111.0,4778900.0,441.7543786226956,0
2001-10-08,2001,41,20135.0,4778900.0,421.33126870200255,0
2001-10-15,2001,42,20883.0,4778900.0,436.98340622318943,0
2001-10-22,2001,43,22471.0,4778900.0,470.212810479399,0
2001-10-29,2001,44,21273.0,4778900.0,445.14428006444996,0
2001-11-05,2001,45,15192.0,4778900.0,317.8974240934106,0
2001-11-12,2001,46,19902.0,4778900.0,416.4556697147879,0
2001-11-19,2001,47,20855.0,4778900.0,436.397497332022,0
2001-11-26,2001,48,23403.0,4778900.0,489.71520642825755,0
2001-12-03,2001,49,25792.0,4778900.0,539.7057900353637,0
2001-12-10,2001,50,23643.0,4778900.0,494.73728263826405,0
2001-12-17,2001,51,27137.0,4778900.0,567.8503421289419,0
2001-12-24,2001,52,26715.0,4778900.0,559.0198581263471,0
2001-12-31,2002,1,11792.0,4694000.0,251.2143161482744,0
2002-01-07,2002,2,17638.0,4694000.0,375.7562846186621,0
2002-01-14,2002,3,20800.0,4694000.0,443.11887515977844,0
2002-01-21,2002,4,23961.0,4694000.0,510.46016190881977,0
2002-01-28,2002,5,28286.0,4694000.0,602.5990626331487,0
2002-02-04,2002,6,36559.0,4694000.0,778.8453344695356,0
2002-02-11,2002,7,38817.0,4694000.0,826.9492969748616,0
2002-02-18,2002,8,40145.0,4694000.0,855.2407328504473,0
2002-02-25,2002,9,36836.0,4694000.0,784.7464848743076,0
2002-03-04,2002,10,30434.0,4694000.0,648.3596080102258,0
2002-03-11,2002,11,33390.0,4694000.0,711.3336173838943,0
2002-03-18,2002,12,30309.0,4694000.0,645.6966340008521,0
2002-03-25,2002,13,23359.0,4694000.0,497.6352790796762,0
2002-04-01,2002,14,21991.0,4694000.0,468.49169152109073,0
2002-04-08,2002,15,21101.0,4694000.0,449.5313165743502,0
2002-04-15,2002,16,20621.0,4694000.0,439.3054963783554,0
2002-04-22,2002,17,22400.0,4694000.0,477.20494247976137,0
2002-04-29,2002,18,9301.0,4694000.0,198.14657008947592,0
2002-05-06,2002,19,10906.0,4694000.0,232.33915636983383,0
2002-05-13,2002,20,13809.0,4694000.0,294.1840647635279,0
2002-05-20,2002,21,10586.0,4694000.0,225.52194290583725,0
2002-05-27,2002,22,9808.0,4694000.0,208.94759267149553,0
2002-06-03,2002,23,8929.0,4694000.0,190.22155943757988,0
2002-06-10,2002,24,6805.0,4694000.0,144.97230507030253,0
2002-06-17,2002,25,6852.0,4694000.0,145.97358329782702,0
2002-06-24,2002,26,6378.0,4694000.0,135.87558585428206,0
2002-07-01,2002,27,5365.0,4694000.0,114.29484448231786,0
2002-07-08,2002,28,4724.0,4694000.0,100.63911376224968,0
2002-07-15,2002,29,4442.0,4694000.0,94.63144439710268,0
2002-07-22,2002,30,5029.0,4694000.0,107.13677034512143,0
2002-07-29,2002,31,4658.0,4694000.0,99.23306348530038,0
2002-08-05,2002,32,4821.0,4694000.0,102.70558159352365,0
2002-08-12,2002,33,5088.0,4694000.0,108.3936940775458,0
2002-08-19,2002,34,5713.0,4694000.0,121.70856412441415,0
2002-08-26,2002,35,6180.0,4694000.0,131.65743502343418,0
2002-09-02,2002,36,7670.0,4694000.0,163.4000852151683,0
2002-09-09,2002,37,11676.0,4694000.0,248.74307626757562,0
2002-09-16,2002,38,17063.0,4694000.0,363.50660417554326,0
2002-09-23,2002,39,20212.0,4694000.0,430.59224541968473,0
2002-09-30,2002,40,21480.0,4694000.0,457.6054537707712,0
2002-10-07,2002,41,21568.0,4694000.0,459.4801874733703,0
2002-10-14,2002,42,22941.0,4694000.0,488.73029399233064,0
2002-10-21,2002,43,24459.0,4694000.0,521.0694503621645,0
2002-10-28,2002,44,25194.0,4694000.0,536.7277375372817,0
2002-11-04,2002,45,20586.0,4694000.0,438.55986365573074,0
2002-11-11,2002,46,22761.0,4694000.0,484.8956114188326,0
2002-11-18,2002,47,26810.0,4694000.0,571.1546655304644,0
2002-11-25,2002,48,29127.0,4694000.0,620.5155517682148,0
2002-12-02,2002,49,32235.0,4694000.0,686.7277375372817,0
2002-12-09,2002,50,32035.0,4694000.0,682.4669791222838,0
2002-12-16,2002,51,34270.0,4694000.0,730.080954409885,0
2002-12-23,2002,52,33182.0,4694000.0,706.9024286322965,0
2002-12-30,2003,1,20486.0,4596200.0,445.71602628258125,0
2003-01-06,2003,2,15098.0,4596200.0,328.48875157739,0
2003-01-13,2003,3,19438.0,4596200.0,422.91458161089594,0
2003-01-20,2003,4,19776.0,4596200.0,430.26848265958836,0
2003-01-27,2003,5,21107.0,4596200.0,459.22718767677645,0
2003-02-03,2003,6,25492.0,4596200.0,554.6320873765285,0
2003-02-10,2003,7,34122.0,4596200.0,742.3958922588225,1
2003-02-17,2003,8,41706.0,4596200.0,907.40176667682,1
2003-02-24,2003,9,40131.0,4596200.0,873.1343283582089,1
2003-03-03,2003,10,36946.0,4596200.0,803.8379530916844,1
2003-03-10,2003,11,32481.0,4596200.0,706.692485096384,0
2003-03-17,2003,12,31000.0,4596200.0,674.4702145250425,0
2003-03-24,2003,13,25079.0,4596200.0,545.6464035507594,0
2003-03-31,2003,14,21620.0,4596200.0,470.3885818719812,0
2003-04-07,2003,15,20433.0,4596200.0,444.5628997867804,0
2003-04-14,2003,16,19960.0,4596200.0,434.2717897393499,0
2003-04-21,2003,17,18633.0,4596200.0,405.4001131369392,0
2003-04-28,2003,18,13735.0,4596200.0,298.8338192419825,0
2003-05-05,2003,19,14279.0,4596200.0,310.66968365171226,0
2003-05-12,2003,20,14021.0,4596200.0,305.0563508985684,0
2003-05-19,2003,21,12391.0,4596200.0,269.59227187676777,0
2003-05-26,2003,22,9931.0,4596200.0,216.0697967886515,0
2003-06-02,2003,23,9127.0,4596200.0,198.57708541838912,0
2003-06-09,2003,24,5968.0,4596200.0,129.84639484791785,0
2003-06-16,2003,25,8304.0,4596200.0,180.67098907793394,0
2003-06-23,2003,26,6021.0,4596200.0,130.99952134371873,0
2003-06-30,2003,27,6093.0,4596200.0,132.56603280971237,0
2003-07-07,2003,28,5516.0,4596200.0,120.01218397806883,0
2003-07-14,2003,29,5267.0,4596200.0,114.59466515817414,0
2003-07-21,2003,30,4868.0,4596200.0,105.91358078412601,0
2003-07-28,2003,31,4681.0,4596200.0,101.8450023932814,0
2003-08-04,2003,32,4994.0,4596200.0,108.6549758496149,0
2003-08-11,2003,33,5572.0,4596200.0,121.23058178495279,0
2003-08-18,2003,34,6195.0,4596200.0,134.7852573865367,0
2003-08-25,2003,35,7166.0,4596200.0,155.91140507375658,0
2003-09-01,2003,36,9518.0,4596200.0,207.0841129628824,0
2003-09-08,2003,37,14265.0,4596200.0,310.3650841999913,0
2003-09-15,2003,38,18781.0,4596200.0,408.62016448370395,0
2003-09-22,2003,39,22337.0,4596200.0,485.9884252208346,0
2003-09-29,2003,40,22002.0,4596200.0,478.6997954832253,0
2003-10-06,2003,41,22085.0,4596200.0,480.50563508985687,0
2003-10-13,2003,42,21871.0,4596200.0,475.8496148992646,0
2003-10-20,2003,43,23002.0,4596200.0,500.4568991775815,0
2003-10-27,2003,44,22684.0,4596200.0,493.5381402027762,0
2003-11-03,2003,45,16801.0,4596200.0,365.54109916887865,0
2003-11-10,2003,46,21049.0,4596200.0,457.9652756625038,0
2003-11-17,2003,47,24872.0,4596200.0,541.1426830860275,0
2003-11-24,2003,48,40703.0,4596200.0,885.5793916713807,1
2003-12-01,2003,49,60278.0,4596200.0,1311.4746964884034,1
2003-12-08,2003,50,53135.0,4596200.0,1156.063704799617,1
2003-12-15,2003,51,54154.0,4596200.0,1178.234193464166,1
2003-12-22,2003,52,35531.0,4596200.0,773.0516513641704,1
2003-12-29,2004,1,15856.0,4564802.0,347.3535106232428,0
2004-01-05,2004,2,16229.0,4564802.0,355.52473031689,0
2004-01-12,2004,3,18697.0,4564802.0,409.5906021772686,0
2004-01-19,2004,4,19892.0,4564802.0,435.76917465423475,0
2004-01-26,2004,5,20749.0,4564802.0,454.54326386993347,0
2004-02-02,2004,6,20511.0,4564802.0,449.32945612975107,0
2004-02-09,2004,7,21046.0,4564802.0,461.049570167556,0
2004-02-16,2004,8,21179.0,4564802.0,463.9631686105991,0
2004-02-23,2004,9,18835.0,4564802.0,412.61373439636594,0
2004-03-01,2004,10,18872.0,4564802.0,413.4242843391674,0
2004-03-08,2004,11,17077.0,4564802.0,374.10165873569105,0
2004-03-15,2004,12,19544.0,4564802.0,428.14562384085883,0
2004-03-22,2004,13,18059.0,4564802.0,395.61409235274607,0
2004-03-29,2004,14,16205.0,4564802.0,354.9989681918296,0
2004-04-05,2004,15,16431.0,4564802.0,359.94989486948174,0
2004-04-12,2004,16,17150.0,4564802.0,375.70085186608316,0
2004-04-19,2004,17,16704.0,4564802.0,365.9304390420439,0
2004-04-26,2004,18,15798.0,4564802.0,346.0829188210135,0
2004-05-03,2004,19,11112.0,4564802.0,243.42786390296885,0
2004-05-10,2004,20,11460.0,4564802.0,251.05141471634477,0
2004-05-17,2004,21,11958.0,4564802.0,261.96097881134824,0
2004-05-24,2004,22,11235.0,4564802.0,246.12239479390342,0
2004-05-31,2004,23,9914.0,4564802.0,217.18357116037015,0
2004-06-07,2004,24,9454.0,4564802.0,207.106463763379,0
2004-06-14,2004,25,7736.0,4564802.0,169.47065831113815,0
2004-06-21,2004,26,7496.0,4564802.0,164.21303706053405,0
2004-06-28,2004,27,6577.0,4564802.0,144.0807290217626,0
2004-07-05,2004,28,5597.0,4564802.0,122.61210891512928,0
2004-07-12,2004,29,5081.0,4564802.0,111.30822322633051,0
2004-07-19,2004,30,4967.0,4564802.0,108.81085313229357,0
2004-07-26,2004,31,4879.0,4564802.0,106.88305867373874,0
2004-08-02,2004,32,5180.0,4564802.0,113.4769919922047,0
2004-08-09,2004,33,5509.0,4564802.0,120.68431445657446,0
2004-08-16,2004,34,6057.0,4564802.0,132.68921631212044,0
2004-08-23,2004,35,6725.0,4564802.0,147.32292879296847,0
2004-08-30,2004,36,7466.0,4564802.0,163.55583440420855,0
2004-09-06,2004,37,11712.0,4564802.0,256.57191702947904,0
2004-09-13,2004,38,16500.0,4564802.0,361.4614609790304,0
2004-09-20,2004,39,21044.0,4564802.0,461.0057566571343,0
2004-09-27,2004,40,22914.0,4564802.0,501.9713889014244,0
2004-10-04,2004,41,25422.0,4564802.0,556.913530970237,0
2004-10-11,2004,42,29118.0,4564802.0,637.8808982295399,0
2004-10-18,2004,43,29441.0,4564802.0,644.9567801626445,0
2004-10-25,2004,44,29513.0,4564802.0,646.5340665378258,0
2004-11-01,2004,45,23480.0,4564802.0,514.3706123507657,0
2004-11-08,2004,46,20401.0,4564802.0,446.91971305655755,0
2004-11-15,2004,47,23649.0,4564802.0,518.0728539813994,0
2004-11-22,2004,48,24931.0,4564802.0,546.1573141617096,0
2004-11-29,2004,49,25182.0,4564802.0,551.655909719633,0
2004-12-06,2004,50,26375.0,4564802.0,577.7906686861774,0
2004-12-13,2004,51,22563.0,4564802.0,494.28211782241596,0
2004-12-20,2004,52,24204.0,4564802.0,530.2311031234213,0
2005-01-03,2005,1,18603.0,4624083.0,402.3067925035083,0
2005-01-10,2005,2,4972.0,4624083.0,107.52402151950992,0
2005-01-17,2005,3,19733.0,4624083.0,426.7440701215787,0
2005-01-24,2005,4,18661.0,4624083.0,403.56109524850655,0
2005-01-31,2005,5,20376.0,4624083.0,440.6495298635427,0
2005-02-07,2005,6,23120.0,4624083.0,499.9910252476004,0
2005-02-14,2005,7,25051.0,4624083.0,541.7506562922854,0
2005-02-21,2005,8,27672.0,4624083.0,598.432164820571,0
2005-02-28,2005,9,27858.0,4624083.0,602.4545839683241,0
2005-03-07,2005,10,35464.0,4624083.0,766.9412508382743,0
2005-03-14,2005,11,25275.0,4624083.0,546.5948599971065,0
2005-03-21,2005,12,34056.0,4624083.0,736.4919704079706,0
2005-03-28,2005,13,31993.0,4624083.0,691.8777193229447,0
2005-04-04,2005,14,31677.0,4624083.0,685.0439319536436,0
2005-04-11,2005,15,28078.0,4624083.0,607.212284035559,0
2005-04-18,2005,16,27373.0,4624083.0,591.9660179110107,0
2005-04-25,2005,17,24670.0,4624083.0,533.5111848122103,0
2005-05-02,2005,18,24956.0,4624083.0,539.6961948996158,0
2005-05-09,2005,19,20308.0,4624083.0,439.17896802457915,0
2005-05-16,2005,20,17284.0,4624083.0,373.78221800949507,0
2005-05-23,2005,21,16111.0,4624083.0,348.4150262873742,0
2005-05-30,2005,22,13758.0,4624083.0,297.5292614773567,0
2005-06-06,2005,23,12733.0,4624083.0,275.36270434592114,0
2005-06-13,2005,24,9794.0,4624083.0,211.80415662954147,0
2005-06-20,2005,25,8152.0,4624083.0,176.2944134004515,0
2005-06-27,2005,26,8244.0,4624083.0,178.28399706493158,0
2005-07-04,2005,27,7441.0,4624083.0,160.918391819524,0
2005-07-11,2005,28,6036.0,4624083.0,130.53398911740987,0
2005-07-18,2005,29,5382.0,4624083.0,116.39064437208415,0
2005-07-25,2005,30,5354.0,4624083.0,115.78511890898152,0
2005-08-01,2005,31,5050.0,4624083.0,109.21084245243868,0
2005-08-08,2005,32,5193.0,4624083.0,112.3033474961414,0
2005-08-15,2005,33,5257.0,4624083.0,113.68740569751884,0
2005-08-22,2005,34,5785.0,4624083.0,125.10588585888273,0
2005-08-29,2005,35,6735.0,4624083.0,145.65049978557911,0
2005-09-05,2005,36,8012.0,4624083.0,173.26678608493836,0
2005-09-12,2005,37,10628.0,4624083.0,229.84016506624124,0
2005-09-19,2005,38,14582.0,4624083.0,315.3490108200912,0
2005-09-26,2005,39,19903.0,4624083.0,430.4204747189875,0
2005-10-03,2005,40,20716.0,4624083.0,448.00233905836035,0
2005-10-10,2005,41,24116.0,4624083.0,521.5304310065369,0
2005-10-17,2005,42,23838.0,4624083.0,515.5184281943036,0
2005-10-24,2005,43,26293.0,4624083.0,568.6100357627664,0
2005-10-31,2005,44,26423.0,4624083.0,571.4214039843143,0
2005-11-07,2005,45,20258.0,4624083.0,438.09767255475305,0
2005-11-14,2005,46,21428.0,4624083.0,463.39998654868435,0
2005-11-21,2005,47,19277.0,4624083.0,416.8826554367644,0
2005-11-28,2005,48,22649.0,4624083.0,489.8052219218383,0
2005-12-05,2005,49,22472.0,4624083.0,485.97743595865387,0
2005-12-12,2005,50,23395.0,4624083.0,505.9381503316441,0
2005-12-19,2005,51,23126.0,4624083.0,500.12078070397956,0
2005-12-26,2005,52,21856.0,4624083.0,472.655875770396,0
2006-01-02,2006,1,17963.0,4600000.0,390.5,0
2006-01-09,2006,2,2742.0,4600000.0,59.608695652173914,0
2006-01-16,2006,3,20093.0,4600000.0,436.80434782608694,0
2006-01-23,2006,4,18746.0,4600000.0,407.5217391304348,0
2006-01-30,2006,5,20222.0,4600000.0,439.60869565217394,0
2006-02-06,2006,6,21776.0,4600000.0,473.39130434782606,0
2006-02-13,2006,7,22850.0,4600000.0,496.7391304347826,0
2006-02-20,2006,8,24669.0,4600000.0,536.2826086956521,0
2006-02-27,2006,9,24508.0,4600000.0,532.7826086956521,0
2006-03-06,2006,10,33243.0,4600000.0,722.6739130434783,0
2006-03-13,2006,11,32934.0,4600000.0,715.9565217391304,0
2006-03-20,2006,12,48233.0,4600000.0,1048.5434782608695,1
2006-03-27,2006,13,56015.0,4600000.0,1217.7173913043478,1
2006-04-03,2006,14,49280.0,4600000.0,1071.304347826087,1
2006-04-10,2006,15,41817.0,4600000.0,909.0652173913044,1
2006-04-17,2006,16,30223.0,4600000.0,657.0217391304348,0
2006-04-24,2006,17,24658.0,4600000.0,536.0434782608696,0
2006-05-01,2006,18,20872.0,4600000.0,453.7391304347826,0
2006-05-08,2006,19,18999.0,4600000.0,413.0217391304348,0
2006-05-15,2006,20,11996.0,4600000.0,260.7826086956522,0
2006-05-22,2006,21,16161.0,4600000.0,351.32608695652175,0
2006-05-29,2006,22,14730.0,4600000.0,320.2173913043478,0
2006-06-05,2006,23,13926.0,4600000.0,302.7391304347826,0
2006-06-12,2006,24,12596.0,4600000.0,273.82608695652175,0
2006-06-19,2006,25,9404.0,4600000.0,204.43478260869566,0
2006-06-26,2006,26,9147.0,4600000.0,198.84782608695653,0
2006-07-03,2006,27,7728.0,4600000.0,168.0,0
2006-07-10,2006,28,6475.0,4600000.0,140.7608695652174,0
2006-07-17,2006,29,5629.0,4600000.0,122.3695652173913,0
2006-07-24,2006,30,5802.0,4600000.0,126.1304347826087,0
2006-07-31,2006,31,5633.0,4600000.0,122.45652173913044,0
2006-08-07,2006,32,5664.0,4600000.0,123.1304347826087,0
2006-08-14,2006,33,5760.0,4600000.0,125.21739130434783,0
2006-08-21,2006,34,5985.0,4600000.0,130.1086956521739,0
2006-08-28,2006,35,6554.0,4600000.0,142.47826086956522,0
2006-09-04,2006,36,7724.0,4600000.0,167.91304347826087,0
2006-09-11,2006,37,10552.0,4600000.0,229.3913043478261,0
2006-09-18,2006,38,16985.0,4600000.0,369.2391304347826,0
2006-09-25,2006,39,22756.0,4600000.0,494.69565217391306,0
2006-10-02,2006,40,25412.0,4600000.0,552.4347826086956,0
2006-10-09,2006,41,25423.0,4600000.0,552.6739130434783,0
2006-10-16,2006,42,25553.0,4600000.0,555.5,0
2006-10-23,2006,43,26981.0,4600000.0,586.5434782608696,0
2006-10-30,2006,44,27068.0,4600000.0,588.4347826086956,0
2006-11-06,2006,45,24593.0,4600000.0,534.6304347826087,0
2006-11-13,2006,46,20835.0,4600000.0,452.9347826086956,0
2006-11-20,2006,47,22972.0,4600000.0,499.39130434782606,0
2006-11-27,2006,48,24686.0,4600000.0,536.6521739130435,0
2006-12-04,2006,49,26031.0,4600000.0,565.8913043478261,0
2006-12-11,2006,50,25224.0,4600000.0,548.3478260869565,0
2006-12-18,2006,51,25568.0,4600000.0,555.8260869565217,0
2006-12-25,2006,52,24814.0,4600000.0,539.4347826086956,0
2007-01-01,2006,53,20645.0,4600000.0,448.80434782608694,0
2007-01-01,2007,1,4845.0,4580620.0,105.77170776008488,0
2007-01-08,2007,2,21994.0,4580620.0,480.15334168736985,0
2007-01-15,2007,3,21247.0,4580620.0,463.8455056302422,0
2007-01-22,2007,4,24217.0,4580620.0,528.6838899537618,0
2007-01-29,2007,5,29231.0,4580620.0,638.1450545995957,0
2007-02-05,2007,6,31451.0,4580620.0,686.610109548489,0
2007-02-12,2007,7,34166.0,4580620.0,745.8815618846357,0
2007-02-19,2007,8,33242.0,4580620.0,725.7096200950963,0
2007-02-26,2007,9,44381.0,4580620.0,968.8863079670438,1
2007-03-05,2007,10,34895.0,4580620.0,761.7964380367723,1
2007-03-12,2007,11,43131.0,4580620.0,941.5974256760002,1
2007-03-19,2007,12,34075.0,4580620.0,743.8949312538477,0
2007-03-26,2007,13,28623.0,4580620.0,624.8717422532321,0
2007-04-02,2007,14,24953.0,4580620.0,544.7515838467282,0
2007-04-09,2007,15,23440.0,4580620.0,511.721120721649,0
2007-04-16,2007,16,22907.0,4580620.0,500.0851413127481,0
2007-04-23,2007,17,25986.0,4580620.0,567.3031161720465,0
2007-04-30,2007,18,15991.0,4580620.0,349.10121337286216,0
2007-05-07,2007,19,16892.0,4580620.0,368.7710397282464,0
2007-05-14,2007,20,17427.0,4580620.0,380.450681348813,0
2007-05-21,2007,21,15942.0,4580620.0,348.0314891870533,0
2007-05-28,2007,22,13608.0,4580620.0,297.0776881732167,0
2007-06-04,2007,23,13196.0,4580620.0,288.08327257008875,0
2007-06-11,2007,24,6965.0,4580620.0,152.05365212569478,0
2007-06-18,2007,25,9453.0,4580620.0,206.3694434377879,0
2007-06-25,2007,26,8867.0,4580620.0,193.57641541974667,0
2007-07-02,2007,27,7467.0,4580620.0,163.01286725377787,0
2007-07-09,2007,28,7157.0,4580620.0,156.24522444559906,0
2007-07-16,2007,29,7187.0,4580620.0,156.9001576205841,0
2007-07-23,2007,30,6374.0,4580620.0,139.15146857848939,0
2007-07-30,2007,31,6983.0,4580620.0,152.4466120306858,0
2007-08-06,2007,32,6741.0,4580620.0,147.16348441913976,0
2007-08-13,2007,33,7382.0,4580620.0,161.1572232579869,0
2007-08-20,2007,34,8264.0,4580620.0,180.41225860254724,0
2007-08-27,2007,35,9130.0,4580620.0,199.31799625378224,0
2007-09-03,2007,36,11025.0,4580620.0,240.68794180700428,0
2007-09-10,2007,37,19339.0,4580620.0,422.1917557011933,0
2007-09-17,2007,38,24723.0,4580620.0,539.7304295051762,0
2007-09-24,2007,39,25552.0,4580620.0,557.8284162405962,0
2007-10-01,2007,40,24749.0,4580620.0,540.2980382568298,0
2007-10-08,2007,41,24927.0,4580620.0,544.1839750950745,0
2007-10-15,2007,42,25201.0,4580620.0,550.1656980932712,0
2007-10-22,2007,43,26756.0,4580620.0,584.1130676633294,0
2007-10-29,2007,44,26892.0,4580620.0,587.082098056595,0
2007-11-05,2007,45,19961.0,4580620.0,435.7707035292166,0
2007-11-12,2007,46,24342.0,4580620.0,531.4127781828661,0
2007-11-19,2007,47,26053.0,4580620.0,568.7658002628465,0
2007-11-26,2007,48,27017.0,4580620.0,589.8109862856993,0
2007-12-03,2007,49,28388.0,4580620.0,619.7414323825159,0
2007-12-10,2007,50,28817.0,4580620.0,629.1069767848021,0
2007-12-17,2007,51,27566.0,4580620.0,601.7962633879257,0
2007-12-24,2007,52,26255.0,4580620.0,573.1756836410791,0
2007-12-31,2008,1,1734.0,4571184.0,37.93327943044953,0
2008-01-07,2008,2,18222.0,4571184.0,398.6275765753468,0
2008-01-14,2008,3,24133.0,4571184.0,527.937619662652,0
2008-01-21,2008,4,27720.0,4571184.0,606.4074427981897,0
2008-01-28,2008,5,33033.0,4571184.0,722.6355360011761,0
2008-02-04,2008,6,39895.0,4571184.0,872.7498171152157,1
2008-02-11,2008,7,41029.0,4571184.0,897.5573943205961,1
2008-02-18,2008,8,43346.0,4571184.0,948.2444810797377,1
2008-02-25,2008,9,36114.0,4571184.0,790.0360169269056,1
2008-03-03,2008,10,41654.0,4571184.0,911.2300008050431,1
2008-03-10,2008,11,29881.0,4571184.0,653.6818469788134,0
2008-03-17,2008,12,34063.0,4571184.0,745.1679914875446,0
2008-03-24,2008,13,31513.0,4571184.0,689.3837570310012,0
2008-03-31,2008,14,30132.0,4571184.0,659.1727657429673,0
2008-04-07,2008,15,28515.0,4571184.0,623.7989982464062,0
2008-04-14,2008,16,30838.0,4571184.0,674.6173420277985,0
2008-04-21,2008,17,28193.0,4571184.0,616.7548713856191,0
2008-04-28,2008,18,22962.0,4571184.0,502.3206241533922,0
2008-05-05,2008,19,16984.0,4571184.0,371.54487765095433,0
2008-05-12,2008,20,16949.0,4571184.0,370.7792116878253,0
2008-05-19,2008,21,16905.0,4571184.0,369.81666019132024,0
2008-05-26,2008,22,14663.0,4571184.0,320.77028621031224,0
2008-06-02,2008,23,14021.0,4571184.0,306.72578482948836,0
2008-06-09,2008,24,8337.0,4571184.0,182.38163241733432,0
2008-06-16,2008,25,9362.0,4571184.0,204.80470705182728,0
2008-06-23,2008,26,8559.0,4571184.0,187.23814224060987,0
2008-06-30,2008,27,7551.0,4571184.0,165.18696250249388,0
2008-07-07,2008,28,6591.0,4571184.0,144.1858389423834,0
2008-07-14,2008,29,5994.0,4571184.0,131.12576522843972,0
2008-07-21,2008,30,5978.0,4571184.0,130.77574650243787,0
2008-07-28,2008,31,5839.0,4571184.0,127.73495882029688,0
2008-08-04,2008,32,5751.0,4571184.0,125.80985582728675,0
2008-08-11,2008,33,6122.0,4571184.0,133.92591503645446,0
2008-08-18,2008,34,7453.0,4571184.0,163.0430978057326,0
2008-08-25,2008,35,8350.0,4571184.0,182.66602263221083,0
2008-09-01,2008,36,10317.0,4571184.0,225.69644976006217,0
2008-09-08,2008,37,17597.0,4571184.0,384.95497009089985,0
2008-09-15,2008,38,23385.0,4571184.0,511.5742442220659,0
2008-09-22,2008,39,25756.0,4571184.0,563.4426441814637,0
2008-09-29,2008,40,27505.0,4571184.0,601.70406616754,0
2008-10-06,2008,41,28325.0,4571184.0,619.6425258751343,0
2008-10-13,2008,42,27971.0,4571184.0,611.8983615623436,0
2008-10-20,2008,43,27962.0,4571184.0,611.7014760289676,0
2008-10-27,2008,44,31559.0,4571184.0,690.3900608682565,0
2008-11-03,2008,45,17602.0,4571184.0,385.06435094277543,0
2008-11-10,2008,46,24871.0,4571184.0,544.0822333994869,0
2008-11-17,2008,47,26014.0,4571184.0,569.0866961382434,0
2008-11-24,2008,48,27003.0,4571184.0,590.7222286392322,0
2008-12-01,2008,49,29655.0,4571184.0,648.7378324740373,0
2008-12-08,2008,50,30278.0,4571184.0,662.3666866177341,0
2008-12-15,2008,51,29308.0,4571184.0,641.1468013538724,0
2008-12-22,2008,52,27707.0,4571184.0,606.1230525833132,0
2008-12-29,2009,1,12740.0,4568047.0,278.89380297531966,0
2009-01-05,2009,2,7420.0,4568047.0,162.43265448013122,0
2009-01-12,2009,3,22043.0,4568047.0,482.54757448861625,0
2009-01-19,2009,4,24160.0,4568047.0,528.8912307601038,0
2009-01-26,2009,5,25654.0,4568047.0,561.5966735893917,0
2009-02-02,2009,6,30282.0,4568047.0,662.9091163028752,0
2009-02-09,2009,7,34657.0,4568047.0,758.6830871048394,0
2009-02-16,2009,8,39969.0,4568047.0,874.9691060534185,0
2009-02-23,2009,9,43622.0,4568047.0,954.9376352738927,1
2009-03-02,2009,10,47759.0,4568047.0,1045.5015020642302,1
2009-03-09,2009,11,44916.0,4568047.0,983.264839437948,1
2009-03-16,2009,12,47161.0,4568047.0,1032.4105684551844,1
2009-03-23,2009,13,39269.0,4568047.0,859.6452707251042,1
2009-03-30,2009,14,36169.0,4568047.0,791.7825714139982,1
2009-04-06,2009,15,30696.0,4568047.0,671.9720703399067,0
2009-04-13,2009,16,31613.0,4568047.0,692.0462946199984,0
2009-04-20,2009,17,31635.0,4568047.0,692.5279008731741,0
2009-04-27,2009,18,24628.0,4568047.0,539.1363092367483,0
2009-05-04,2009,19,26867.0,4568047.0,588.1506910940277,0
2009-05-11,2009,20,19269.0,4568047.0,421.8214042018394,0
2009-05-18,2009,21,18821.0,4568047.0,412.0141495917183,0
2009-05-25,2009,22,17690.0,4568047.0,387.2552099398277,0
2009-06-01,2009,23,14945.0,4568047.0,327.1638842595096,0
2009-06-08,2009,24,10874.0,4568047.0,238.04483622869904,0
2009-06-15,2009,25,11820.0,4568047.0,258.7539051152495,0
2009-06-22,2009,26,9901.0,4568047.0,216.74470512234222,0
2009-06-29,2009,27,9194.0,4568047.0,201.26763144074482,0
2009-07-06,2009,28,8315.0,4568047.0,182.02527250704733,0
2009-07-13,2009,29,8918.0,4568047.0,195.22566208272374,0
2009-07-20,2009,30,8121.0,4568047.0,177.77838100177166,0
2009-07-27,2009,31,8045.0,4568047.0,176.11465030898324,0
2009-08-03,2009,32,7643.0,4568047.0,167.31439059186562,0
2009-08-10,2009,33,8069.0,4568047.0,176.64003894881117,0
2009-08-17,2009,34,8984.0,4568047.0,196.67048084225053,0
2009-08-24,2009,35,9818.0,4568047.0,214.92773607627066,0
2009-08-31,2009,36,12081.0,4568047.0,264.4675065733781,0
2009-09-07,2009,37,16629.0,4568047.0,364.02865382076845,0
2009-09-14,2009,38,24755.0,4568047.0,541.916490789171,0
2009-09-21,2009,39,28848.0,4568047.0,631.517145073157,0
2009-09-28,2009,40,29732.0,4568047.0,650.8689599734854,0
2009-10-05,2009,41,31487.0,4568047.0,689.2880042609019,1
2009-10-12,2009,42,32513.0,4568047.0,711.7483686135454,1
2009-10-19,2009,43,34514.0,4568047.0,755.552646459198,1
2009-10-26,2009,44,38650.0,4568047.0,846.0946220562091,1
2009-11-02,2009,45,39594.0,4568047.0,866.7599085561072,1
2009-11-09,2009,46,52948.0,4568047.0,1159.094904233691,1
2009-11-16,2009,47,70272.0,4568047.0,1538.337937416143,1
2009-11-23,2009,48,61144.0,4568047.0,1338.515124734925,1
2009-11-30,2009,49,47447.0,4568047.0,1038.671449746467,1
2009-12-07,2009,50,35899.0,4568047.0,785.871949215934,1
2009-12-14,2009,51,32512.0,4568047.0,711.7264774202192,0
2009-12-21,2009,52,29837.0,4568047.0,653.1675352727325,0
2010-01-04,2010,1,18782.0,4581854.0,409.9213986303361,0
2010-01-11,2010,2,10711.0,4581854.0,233.76999790914334,0
2010-01-18,2010,3,24437.0,4581854.0,533.343052834071,0
2010-01-25,2010,4,28485.0,4581854.0,621.691568522262,0
2010-02-01,2010,5,33005.0,4581854.0,720.3415909804197,0
2010-02-08,2010,6,37207.0,4581854.0,812.0511915045744,0
2010-02-15,2010,7,37185.0,4581854.0,811.5710365280081,0
2010-02-22,2010,8,35313.0,4581854.0,770.7142130674613,0
2010-03-01,2010,9,32789.0,4581854.0,715.6273421195874,0
2010-03-08,2010,10,30263.0,4581854.0,660.4968207192984,0
2010-03-15,2010,11,26822.0,4581854.0,585.3962173390946,0
2010-03-22,2010,12,30120.0,4581854.0,657.3758133716177,0
2010-03-29,2010,13,27186.0,4581854.0,593.3405996786454,0
2010-04-05,2010,14,26375.0,4581854.0,575.6403412243167,0
2010-04-12,2010,15,25305.0,4581854.0,552.2873491822306,0
2010-04-19,2010,16,26883.0,4581854.0,586.7275561377556,0
2010-04-26,2010,17,27919.0,4581854.0,609.3384904887847,0
2010-05-03,2010,18,27188.0,4581854.0,593.3842501310605,0
2010-05-10,2010,19,22212.0,4581854.0,484.7819245222567,0
2010-05-17,2010,20,18272.0,4581854.0,398.790533264482,0
2010-05-24,2010,21,18211.0,4581854.0,397.45919446582104,0
2010-05-31,2010,22,16591.0,4581854.0,362.1023280095786,0
2010-06-07,2010,23,14977.0,4581854.0,326.8764129105816,0
2010-06-14,2010,24,13441.0,4581854.0,293.352865455774,0
2010-06-21,2010,25,10517.0,4581854.0,229.53590402487725,0
2010-06-28,2010,26,11908.0,4581854.0,259.8947936795891,0
2010-07-05,2010,27,10017.0,4581854.0,218.62329092109874,0
2010-07-12,2010,28,8750.0,4581854.0,190.970729316124,0
2010-07-19,2010,29,7885.0,4581854.0,172.09190864658717,0
2010-07-26,2010,30,8669.0,4581854.0,189.20288599331187,0
2010-08-02,2010,31,8408.0,4581854.0,183.5065019531395,0
2010-08-09,2010,32,9568.0,4581854.0,208.82376435390566,0
2010-08-16,2010,33,10066.0,4581854.0,219.69272700526903,0
2010-08-23,2010,34,11495.0,4581854.0,250.88097525586804,0
2010-08-30,2010,35,12160.0,4581854.0,265.39475068389345,0
2010-09-06,2010,36,15347.0,4581854.0,334.9517466073777,0
2010-09-13,2010,37,22827.0,4581854.0,498.2044386399043,0
2010-09-20,2010,38,30625.0,4581854.0,668.397552606434,0
2010-09-27,2010,39,31989.0,4581854.0,698.1671611535418,0
2010-10-04,2010,40,32211.0,4581854.0,703.0123613716195,0
2010-10-11,2010,41,30239.0,4581854.0,659.973015290317,0
2010-10-18,2010,42,32392.0,4581854.0,706.9627273151873,0
2010-10-25,2010,43,31618.0,4581854.0,690.0700022305381,0
2010-11-01,2010,44,30348.0,4581854.0,662.3519649469407,0
2010-11-08,2010,45,19875.0,4581854.0,433.77637087519594,0
2010-11-15,2010,46,30926.0,4581854.0,674.9669456949086,0
2010-11-22,2010,47,27449.0,4581854.0,599.0806341712329,0
2010-11-29,2010,48,31468.0,4581854.0,686.7962182994046,0
2010-12-06,2010,49,34828.0,4581854.0,760.1289783567962,0
2010-12-13,2010,50,35210.0,4581854.0,768.466214768083,0
2010-12-20,2010,51,34858.0,4581854.0,760.7837351430229,0
2010-12-27,2010,52,33435.0,4581854.0,729.7264382496693,0
2011-01-03,2011,1,27653.0,4600276.0,601.1161069466267,0
2011-01-10,2011,2,8279.0,4600276.0,179.96746282179592,0
2011-01-17,2011,3,29858.0,4600276.0,649.0480136409207,0
2011-01-24,2011,4,35219.0,4600276.0,765.584499712626,1
2011-01-31,2011,5,50557.0,4600276.0,1098.9992774346583,1
2011-02-07,2011,6,69587.0,4600276.0,1512.670109358656,1
2011-02-14,2011,7,66911.0,4600276.0,1454.4996865405467,1
2011-02-21,2011,8,57549.0,4600276.0,1250.9901579818254,1
2011-02-28,2011,9,42599.0,4600276.0,926.0096568118956,0
2011-03-07,2011,10,45830.0,4600276.0,996.2445731516979,0
2011-03-14,2011,11,28055.0,4600276.0,609.8547130650422,0
2011-03-21,2011,12,33212.0,4600276.0,721.956682599044,0
2011-03-28,2011,13,29108.0,4600276.0,632.7446440170112,0
2011-04-04,2011,14,27650.0,4600276.0,601.050893468131,0
2011-04-11,2011,15,26381.0,4600276.0,573.4655920644761,0
2011-04-18,2011,16,27717.0,4600276.0,602.5073278212003,0
2011-04-25,2011,17,27323.0,4600276.0,593.9426243121065,0
2011-05-02,2011,18,25544.0,4600276.0,555.2710315641931,0
2011-05-09,2011,19,22263.0,4600276.0,483.9492239161302,0
2011-05-16,2011,20,19733.0,4600276.0,428.9525237181421,0
2011-05-23,2011,21,20546.0,4600276.0,446.6253763904601,0
2011-05-30,2011,22,17107.0,4600276.0,371.8689922082936,0
2011-06-06,2011,23,16602.0,4600276.0,360.8913899948612,0
2011-06-13,2011,24,13925.0,4600276.0,302.6992293505868,0
2011-06-20,2011,25,11234.0,4600276.0,244.20273913999944,0
2011-06-27,2011,26,11305.0,4600276.0,245.74612479772952,0
2011-07-04,2011,27,10621.0,4600276.0,230.87745170072404,0
2011-07-11,2011,28,8907.0,4600276.0,193.61881765354948,0
2011-07-18,2011,29,8140.0,4600276.0,176.94590498483134,0
2011-07-25,2011,30,7826.0,4600276.0,170.12022756895456,0
2011-08-01,2011,31,7853.0,4600276.0,170.7071488754153,0
2011-08-08,2011,32,8951.0,4600276.0,194.57528200481883,0
2011-08-15,2011,33,9890.0,4600276.0,214.98710077395356,0
2011-08-22,2011,34,10773.0,4600276.0,234.18160127783636,0
2011-08-29,2011,35,12185.0,4600276.0,264.8754118231167,0
2011-09-05,2011,36,14083.0,4600276.0,306.1338058846904,0
2011-09-12,2011,37,21322.0,4600276.0,463.4939294946651,0
2011-09-19,2011,38,29435.0,4600276.0,639.8529131730357,0
2011-09-26,2011,39,32424.0,4600276.0,704.8272755808565,0
2011-10-03,2011,40,31860.0,4600276.0,692.5671416236765,0
2011-10-10,2011,41,31765.0,4600276.0,690.5020481379813,0
2011-10-17,2011,42,31108.0,4600276.0,676.2202963474366,0
2011-10-24,2011,43,32590.0,4600276.0,708.4357547242818,0
2011-10-31,2011,44,32217.0,4600276.0,700.3275455646574,0
2011-11-07,2011,45,26374.0,4600276.0,573.3134272813196,0
2011-11-14,2011,46,29620.0,4600276.0,643.8744110136,0
2011-11-21,2011,47,30825.0,4600276.0,670.0684915426814,0
2011-11-28,2011,48,33340.0,4600276.0,724.7391243481912,0
2011-12-05,2011,49,34850.0,4600276.0,757.5632418576624,0
2011-12-12,2011,50,34196.0,4600276.0,743.3467035456133,0
2011-12-19,2011,51,34888.0,4600276.0,758.3892792519405,0
2011-12-26,2011,52,32420.0,4600276.0,704.7403242761956,0
2012-01-02,2012,1,26291.0,4899344.0,536.6228621627712,0
2012-01-09,2012,2,6318.0,4899344.0,128.95603982900568,0
2012-01-16,2012,3,27626.0,4899344.0,563.8714080905526,0
2012-01-23,2012,4,28058.0,4899344.0,572.6889150874076,0
2012-01-30,2012,5,32071.0,4899344.0,654.5978400373601,0
2012-02-06,2012,6,37869.0,4899344.0,772.940214036818,0
2012-02-13,2012,7,40712.0,4899344.0,830.968390870288,0
2012-02-20,2012,8,42764.0,4899344.0,872.8515491053496,0
2012-02-27,2012,9,36843.0,4899344.0,751.9986349192872,0
2012-03-05,2012,10,42098.0,4899344.0,859.257892485198,0
2012-03-12,2012,11,35439.0,4899344.0,723.3417371795081,0
2012-03-19,2012,12,38952.0,4899344.0,795.0452142164339,0
2012-03-26,2012,13,39893.0,4899344.0,814.2518671887501,0
2012-04-02,2012,14,37485.0,4899344.0,765.1024300396135,0
2012-04-09,2012,15,37295.0,4899344.0,761.2243598326634,0
2012-04-16,2012,16,38031.0,4899344.0,776.2467791606387,0
2012-04-23,2012,17,39223.0,4899344.0,800.5765669852943,0
2012-04-30,2012,18,41942.0,4899344.0,856.0737927363336,0
2012-05-07,2012,19,27949.0,4899344.0,570.4641274423678,0
2012-05-14,2012,20,20097.0,4899344.0,410.1977734161961,0
2012-05-21,2012,21,23298.0,4899344.0,475.5330509553932,0
2012-05-28,2012,22,21508.0,4899344.0,438.99754742675754,0
2012-06-04,2012,23,20237.0,4899344.0,413.05529883184363,0
2012-06-11,2012,24,20218.0,4899344.0,412.6674918111486,0
2012-06-18,2012,25,11574.0,4899344.0,236.2357082907426,0
2012-06-25,2012,26,14306.0,4899344.0,291.9982756875206,0
2012-07-02,2012,27,13283.0,4899344.0,271.11792925746795,0
2012-07-09,2012,28,11505.0,4899344.0,234.82735647874492,0
2012-07-16,2012,29,10822.0,4899344.0,220.8867146295504,0
2012-07-23,2012,30,9895.0,4899344.0,201.96581419879885,0
2012-07-30,2012,31,10176.0,4899344.0,207.70127592591987,0
2012-08-06,2012,32,11240.0,4899344.0,229.41846908484075,0
2012-08-13,2012,33,11332.0,4899344.0,231.29627150083766,0
2012-08-20,2012,34,11866.0,4899344.0,242.1956898719502,0
2012-08-27,2012,35,13460.0,4899344.0,274.7306578186794,0
2012-09-03,2012,36,14860.0,4899344.0,303.30591197515423,0
2012-09-10,2012,37,18190.0,4899344.0,371.2741950759122,0
2012-09-17,2012,38,28264.0,4899344.0,576.8935596275746,0
2012-09-24,2012,39,33019.0,4899344.0,673.9473692804588,0
2012-10-01,2012,40,35047.0,4899344.0,715.3406660156952,0
2012-10-08,2012,41,35706.0,4899344.0,728.7914463650644,0
2012-10-15,2012,42,37530.0,4899344.0,766.0209203517859,0
2012-10-22,2012,43,39178.0,4899344.0,799.658076673122,0
2012-10-29,2012,44,39194.0,4899344.0,799.9846510063388,0
2012-11-05,2012,45,37983.0,4899344.0,775.2670561609881,0
2012-11-12,2012,46,28983.0,4899344.0,591.5689937265071,0
2012-11-19,2012,47,33821.0,4899344.0,690.3169077329536,0
2012-11-26,2012,48,34435.0,4899344.0,702.8491977701505,0
2012-12-03,2012,49,35023.0,4899344.0,714.8508045158699,0
2012-12-10,2012,50,36742.0,4899344.0,749.9371344408557,0
2012-12-17,2012,51,38057.0,4899344.0,776.7774624521161,0
2012-12-24,2012,52,38023.0,4899344.0,776.0834919940302,0
2012-12-31,2012,53,36642.0,4899344.0,747.8960448582504,0
2012-12-31,2013,1,9495.0,4953219.0,191.6935229393249,0
2013-01-07,2013,2,25307.0,4953219.0,510.920272251237,0
2013-01-14,2013,3,34914.0,4953219.0,704.8749510167024,0
2013-01-21,2013,4,37690.0,4953219.0,760.9193132789001,0
2013-01-28,2013,5,44841.0,4953219.0,905.2900749997123,0
2013-02-04,2013,6,55074.0,4953219.0,1111.8829997219989,1
2013-02-11,2013,7,59149.0,4953219.0,1194.1527317891657,1
2013-02-18,2013,8,60533.0,4953219.0,1222.0941573550454,1
2013-02-25,2013,9,62741.0,4953219.0,1266.6712293561015,1
2013-03-04,2013,10,47834.0,4953219.0,965.7154266750572,1
2013-03-11,2013,11,53144.0,4953219.0,1072.9184395036843,1
2013-03-18,2013,12,47678.0,4953219.0,962.5659596315043,1
2013-03-25,2013,13,43440.0,4953219.0,877.0054382816508,0
2013-04-01,2013,14,41522.0,4953219.0,838.2831447589941,0
2013-04-08,2013,15,39764.0,4953219.0,802.7910738451096,0
2013-04-15,2013,16,36935.0,4953219.0,745.6767003437562,0
2013-04-22,2013,17,32715.0,4953219.0,660.4795790373896,0
2013-04-29,2013,18,16694.0,4953219.0,337.03335144276883,0
2013-05-06,2013,19,20152.0,4953219.0,406.8465375748579,0
2013-05-13,2013,20,21191.0,4953219.0,427.82279564057234,0
2013-05-20,2013,21,19394.0,4953219.0,391.5433579657996,0
2013-05-27,2013,22,18487.0,4953219.0,373.23203355232226,0
2013-06-03,2013,23,16096.0,4953219.0,324.96039444248277,0
2013-06-10,2013,24,13497.0,4953219.0,272.4894659412394,0
2013-06-17,2013,25,14267.0,4953219.0,288.0349122459556,0
2013-06-24,2013,26,12998.0,4953219.0,262.41520918013117,0
2013-07-01,2013,27,11695.0,4953219.0,236.10908380994258,0
2013-07-08,2013,28,11403.0,4953219.0,230.21392754893333,0
2013-07-15,2013,29,11575.0,4953219.0,233.68641685336343,0
2013-07-22,2013,30,11334.0,4953219.0,228.82089404890033,0
2013-07-29,2013,31,11499.0,4953219.0,232.15206111419664,0
2013-08-05,2013,32,10917.0,4953219.0,220.4021263747878,0
2013-08-12,2013,33,11575.0,4953219.0,233.68641685336343,0
2013-08-19,2013,34,12228.0,4953219.0,246.86976287541495,0
2013-08-26,2013,35,14122.0,4953219.0,285.1075230067558,0
2013-09-02,2013,36,17166.0,4953219.0,346.5625081386468,0
2013-09-09,2013,37,25832.0,4953219.0,521.5194401862708,0
2013-09-16,2013,38,31765.0,4953219.0,641.3001322978047,0
2013-09-23,2013,39,34461.0,4953219.0,695.7293832556162,0
2013-09-30,2013,40,35318.0,4953219.0,713.0312631038522,0
2013-10-07,2013,41,33320.0,4953219.0,672.6938582768095,0
2013-10-14,2013,42,32593.0,4953219.0,658.0165342982008,0
2013-10-21,2013,43,32888.0,4953219.0,663.9722572331245,0
2013-10-28,2013,44,32353.0,4953219.0,653.1712003850425,0
2013-11-04,2013,45,26079.0,4953219.0,526.5060963385629,0
2013-11-11,2013,46,29332.0,4953219.0,592.1805597531626,0
2013-11-18,2013,47,32529.0,4953219.0,656.724445254692,0
2013-11-25,2013,48,33887.0,4953219.0,684.1409596466459,0
2013-12-02,2013,49,35811.0,4953219.0,722.9843865171316,0
2013-12-09,2013,50,36388.0,4953219.0,734.6333768000163,0
2013-12-16,2013,51,36482.0,4953219.0,736.53113258267,0
2013-12-23,2013,52,31341.0,4953219.0,632.7400423845584,0
2013-12-30,2014,1,14648.0,5028000.0,291.3285600636436,0
2014-01-06,2014,2,17714.0,5028000.0,352.30708035003977,0
2014-01-13,2014,3,30762.0,5028000.0,611.8138424821002,0
2014-01-20,2014,4,33026.0,5028000.0,656.8416865552904,0
2014-01-27,2014,5,36144.0,5028000.0,718.854415274463,0
2014-02-03,2014,6,40621.0,5028000.0,807.895783611774,0
2014-02-10,2014,7,41925.0,5028000.0,833.8305489260143,0
2014-02-17,2014,8,43777.0,5028000.0,870.6642800318218,0
2014-02-24,2014,9,43383.0,5028000.0,862.8281622911694,0
2014-03-03,2014,10,43060.0,5028000.0,856.4041368337311,0
2014-03-10,2014,11,40041.0,5028000.0,796.3603818615752,0
2014-03-17,2014,12,41992.0,5028000.0,835.1630867143994,0
2014-03-24,2014,13,38065.0,5028000.0,757.06046141607,0
2014-03-31,2014,14,36543.0,5028000.0,726.7899761336515,0
2014-04-07,2014,15,35404.0,5028000.0,704.1368337311058,0
2014-04-14,2014,16,35860.0,5028000.0,713.206046141607,0
2014-04-21,2014,17,33288.0,5028000.0,662.0525059665871,0
2014-04-28,2014,18,22931.0,5028000.0,456.066030230708,0
2014-05-05,2014,19,26955.0,5028000.0,536.0978520286396,0
2014-05-12,2014,20,26040.0,5028000.0,517.8997613365156,0
2014-05-19,2014,21,23677.0,5028000.0,470.90294351630865,0
2014-05-26,2014,22,20846.0,5028000.0,414.59824980111375,0
2014-06-02,2014,23,18411.0,5028000.0,366.16945107398567,0
2014-06-09,2014,24,12075.0,5028000.0,240.15513126491646,0
2014-06-16,2014,25,16262.0,5028000.0,323.4287987271281,0
2014-06-23,2014,26,15807.0,5028000.0,314.37947494033415,0
2014-06-30,2014,27,14867.0,5028000.0,295.68416865552905,0
2014-07-07,2014,28,13758.0,5028000.0,273.62768496420045,0
2014-07-14,2014,29,13056.0,5028000.0,259.6658711217184,0
2014-07-21,2014,30,12293.0,5028000.0,244.49085123309467,0
2014-07-28,2014,31,11960.0,5028000.0,237.86793953858393,0
2014-08-04,2014,32,11653.0,5028000.0,231.76213206046143,0
2014-08-11,2014,33,12821.0,5028000.0,254.9920445505171,0
2014-08-18,2014,34,13197.0,5028000.0,262.4701670644391,0
2014-08-25,2014,35,16140.0,5028000.0,321.00238663484487,0
2014-09-01,2014,36,20061.0,5028000.0,398.9856801909308,0
2014-09-08,2014,37,30123.0,5028000.0,599.1050119331742,0
2014-09-15,2014,38,37590.0,5028000.0,747.6133651551313,0
2014-09-22,2014,39,40233.0,5028000.0,800.1789976133651,0
2014-09-29,2014,40,41353.0,5028000.0,822.4542561654733,0
2014-10-06,2014,41,39254.0,5028000.0,780.7080350039777,0
2014-10-13,2014,42,39170.0,5028000.0,779.0373906125697,0
2014-10-20,2014,43,40015.0,5028000.0,795.843277645187,0
2014-10-27,2014,44,39175.0,5028000.0,779.1368337311058,0
2014-11-03,2014,45,25234.0,5028000.0,501.8695306284805,0
2014-11-10,2014,46,34974.0,5028000.0,695.5847255369929,0
2014-11-17,2014,47,37214.0,5028000.0,740.1352426412092,0
2014-11-24,2014,48,38825.0,5028000.0,772.175815433572,0
2014-12-01,2014,49,39517.0,5028000.0,785.9387430389817,0
2014-12-08,2014,50,39767.0,5028000.0,790.9108989657916,0
2014-12-15,2014,51,38305.0,5028000.0,761.8337311058075,0
2014-12-22,2014,52,34493.0,5028000.0,686.0182975338107,0
2014-12-29,2015,1,23522.0,5131942.0,458.34500857570094,0
2015-01-05,2015,2,9216.0,5131942.0,179.58114101835133,0
2015-01-12,2015,3,36432.0,5131942.0,709.9066980881702,0
2015-01-19,2015,4,37678.0,5131942.0,734.1860059992883,0
2015-01-26,2015,5,46231.0,5131942.0,900.8480610264106,1
2015-02-02,2015,6,55501.0,5131942.0,1081.4814352929163,1
2015-02-09,2015,7,58736.0,5131942.0,1144.5180011777218,1
2015-02-16,2015,8,61596.0,5131942.0,1200.2473917281216,1
2015-02-23,2015,9,50475.0,5131942.0,983.54580001099,1
2015-03-02,2015,10,50582.0,5131942.0,985.630780706407,1
2015-03-09,2015,11,37986.0,5131942.0,740.1876326739468,0
2015-03-16,2015,12,40675.0,5131942.0,792.5849512718577,0
2015-03-23,2015,13,37913.0,5131942.0,738.7651692088492,0
2015-03-30,2015,14,37381.0,5131942.0,728.3987231344391,0
2015-04-06,2015,15,34596.0,5131942.0,674.1307676509205,0
2015-04-13,2015,16,34668.0,5131942.0,675.5337453151263,0
2015-04-20,2015,17,32632.0,5131942.0,635.860654699527,0
2015-04-27,2015,18,27276.0,5131942.0,531.4947051233237,0
2015-05-04,2015,19,23902.0,5131942.0,465.74961291456526,0
2015-05-11,2015,20,20874.0,5131942.0,406.74660781435176,0
2015-05-18,2015,21,22961.0,5131942.0,447.41347427543025,0
2015-05-25,2015,22,21582.0,5131942.0,420.5425548457095,0
2015-06-01,2015,23,20200.0,5131942.0,393.6131780133135,0
2015-06-08,2015,24,16033.0,5131942.0,312.41584569739877,0
2015-06-15,2015,25,16798.0,5131942.0,327.3224833795861,0
2015-06-22,2015,26,15959.0,5131942.0,310.9738964314094,0
2015-06-29,2015,27,14912.0,5131942.0,290.57226289774906,0
2015-07-06,2015,28,12745.0,5131942.0,248.34653236533072,0
2015-07-13,2015,29,12145.0,5131942.0,236.6550518302818,0
2015-07-20,2015,30,12317.0,5131942.0,240.00660958366248,0
2015-07-27,2015,31,12291.0,5131942.0,239.49997876047703,0
2015-08-03,2015,32,11887.0,5131942.0,231.62771520021076,0
2015-08-10,2015,33,12599.0,5131942.0,245.50160543513547,0
2015-08-17,2015,34,13616.0,5131942.0,265.31866494204337,0
2015-08-24,2015,35,14699.0,5131942.0,286.42178730780665,0
2015-08-31,2015,36,17872.0,5131942.0,348.2502335373237,0
2015-09-07,2015,37,26357.0,5131942.0,513.5872541038071,0
2015-09-14,2015,38,36473.0,5131942.0,710.7056159247318,0
2015-09-21,2015,39,39916.0,5131942.0,777.7952283950208,0
2015-09-28,2015,40,40497.0,5131942.0,789.1164787131265,0
2015-10-05,2015,41,40141.0,5131942.0,782.1795335956642,0
2015-10-12,2015,42,41866.0,5131942.0,815.7925401339298,0
2015-10-19,2015,43,40944.0,5131942.0,797.826631711738,0
2015-10-26,2015,44,39998.0,5131942.0,779.3930640681442,0
2015-11-02,2015,45,31425.0,5131942.0,612.341293023187,0
2015-11-09,2015,46,34368.0,5131942.0,669.6880050476019,0
2015-11-16,2015,47,36021.0,5131942.0,701.8980339216616,0
2015-11-23,2015,48,37753.0,5131942.0,735.6474410661694,0
2015-11-30,2015,49,39445.0,5131942.0,768.6174161750074,0
2015-12-07,2015,50,39965.0,5131942.0,778.7500326387164,0
2015-12-14,2015,51,38296.0,5131942.0,746.2282309503887,0
2015-12-21,2015,52,37342.0,5131942.0,727.638776899661,0
2016-01-04,2016,1,28214.0,5191690.0,543.4453906146168,0
2016-01-11,2016,2,11398.0,5191690.0,219.5431545411995,0
2016-01-18,2016,3,43382.0,5191690.0,835.6045911832178,1
2016-01-25,2016,4,63538.0,5191690.0,1223.8404064957654,1
2016-02-01,2016,5,97302.0,5191690.0,1874.1874033310926,1
2016-02-08,2016,6,85168.0,5191690.0,1640.46774749648,1
2016-02-15,2016,7,57821.0,5191690.0,1113.7221213130983,1
2016-02-22,2016,8,51464.0,5191690.0,991.2764437013766,1
2016-02-29,2016,9,31855.0,5191690.0,613.5766966055369,0
2016-03-07,2016,10,41112.0,5191690.0,791.8808711614137,0
2016-03-14,2016,11,29985.0,5191690.0,577.5575968518922,0
2016-03-21,2016,12,40877.0,5191690.0,787.3544067538701,0
2016-03-28,2016,13,39178.0,5191690.0,754.6290321648635,0
2016-04-04,2016,14,39182.0,5191690.0,754.706078367545,0
2016-04-11,2016,15,38961.0,5191690.0,750.449275669387,0
2016-04-18,2016,16,39535.0,5191690.0,761.5054057541956,0
2016-04-25,2016,17,40266.0,5191690.0,775.5855992942568,0
2016-05-02,2016,18,40010.0,5191690.0,770.6546423226348,0
2016-05-09,2016,19,25853.0,5191690.0,497.9688694818065,0
2016-05-16,2016,20,24652.0,5191690.0,474.8357471266582,0
2016-05-23,2016,21,25928.0,5191690.0,499.41348578208635,0
2016-05-30,2016,22,23933.0,5191690.0,460.9866921946418,0
2016-06-06,2016,23,21911.0,5191690.0,422.03983673909653,0
2016-06-13,2016,24,19476.0,5191690.0,375.1379608566767,0
2016-06-20,2016,25,16340.0,5191690.0,314.73373795430774,0
2016-06-27,2016,26,16650.0,5191690.0,320.70481866213123,0
2016-07-04,2016,27,16299.0,5191690.0,313.9440143768214,0
2016-07-11,2016,28,14676.0,5191690.0,282.68251763876503,0
2016-07-18,2016,29,14364.0,5191690.0,276.67291382960076,0
2016-07-25,2016,30,14188.0,5191690.0,273.2828809116107,0
2016-08-01,2016,31,14492.0,5191690.0,279.13839231541175,0
2016-08-08,2016,32,13893.0,5191690.0,267.60072346384317,0
2016-08-15,2016,33,14746.0,5191690.0,284.0308261856929,0
2016-08-22,2016,34,15978.0,5191690.0,307.7610566116236,0
2016-08-29,2016,35,17141.0,5191690.0,330.16224004129674,0
2016-09-05,2016,36,20083.0,5191690.0,386.82972211360845,0
2016-09-12,2016,37,25837.0,5191690.0,497.6606846710801,0
2016-09-19,2016,38,37821.0,5191690.0,728.491107905133,0
2016-09-26,2016,39,42955.0,5191690.0,827.3799090469578,0
2016-10-03,2016,40,44784.0,5191690.0,862.6092852231162,0
2016-10-10,2016,41,43280.0,5191690.0,833.6399130148371,0
2016-10-17,2016,42,43532.0,5191690.0,838.4938237837775,0
2016-10-24,2016,43,42596.0,5191690.0,820.4650123562848,0
2016-10-31,2016,44,42836.0,5191690.0,825.0877845171804,0
2016-11-07,2016,45,36498.0,5191690.0,703.008076368196,0
2016-11-14,2016,46,39050.0,5191690.0,752.1635536790525,0
2016-11-21,2016,47,40474.0,5191690.0,779.5920018336997,0
2016-11-28,2016,48,42392.0,5191690.0,816.5356560195235,0
2016-12-05,2016,49,45973.0,5191690.0,885.5112689702197,0
2016-12-12,2016,50,48412.0,5191690.0,932.4901910553211,0
2016-12-19,2016,51,52313.0,5191690.0,1007.6295002205447,1
2016-12-26,2016,52,56222.0,5191690.0,1082.9229017911316,1
2017-01-02,2017,1,52349.0,5225690.0,1001.7624466816823,1
2017-01-09,2017,2,16469.0,5225690.0,315.15455375271017,1
2017-01-16,2017,3,52470.0,5225690.0,1004.077930378572,1
2017-01-23,2017,4,46546.0,5225690.0,890.714910375472,1
2017-01-30,2017,5,47659.0,5225690.0,912.013533141078,1
2017-02-06,2017,6,51203.0,5225690.0,979.8323283623789,1
2017-02-13,2017,7,52007.0,5225690.0,995.2178563979111,1
2017-02-20,2017,8,50728.0,5225690.0,970.742619634919,0
2017-02-27,2017,9,36228.0,5225690.0,693.2673005861427,0
2017-03-06,2017,10,49099.0,5225690.0,939.5697027569565,0
2017-03-13,2017,11,41629.0,5225690.0,796.6220728745869,0
2017-03-20,2017,12,49482.0,5225690.0,946.8988784256242,0
2017-03-27,2017,13,49297.0,5225690.0,943.3586760791397,0
2017-04-03,2017,14,44535.0,5225690.0,852.2319540577416,0
2017-04-10,2017,15,43271.0,5225690.0,828.0437607282483,0
2017-04-17,2017,16,39528.0,5225690.0,756.4168559558642,0
2017-04-24,2017,17,38718.0,5225690.0,740.9165105469326,0
2017-05-01,2017,18,39908.0,5225690.0,763.6886229378322,0
2017-05-08,2017,19,31074.0,5225690.0,594.6391768359777,0
2017-05-15,2017,20,24636.0,5225690.0,471.44013517832093,0
2017-05-22,2017,21,29913.0,5225690.0,572.4220150831757,0
2017-05-29,2017,22,26602.0,5225690.0,509.06196119555506,0
2017-06-05,2017,23,25718.0,5225690.0,492.1455348480296,0
2017-06-12,2017,24,22096.0,5225690.0,422.8341137725353,0
2017-06-19,2017,25,17725.0,5225690.0,339.1896572510042,0
2017-06-26,2017,26,18940.0,5225690.0,362.4401753644016,0
2017-07-03,2017,27,18773.0,5225690.0,359.24442513811573,0
2017-07-10,2017,28,16555.0,5225690.0,316.80026943810293,0
2017-07-17,2017,29,15727.0,5225690.0,300.9554719089728,0
2017-07-24,2017,30,14980.0,5225690.0,286.66070892073583,0
2017-07-31,2017,31,14986.0,5225690.0,286.7755262941353,0
2017-08-07,2017,32,15225.0,5225690.0,291.34908500121514,0
2017-08-14,2017,33,14626.0,5225690.0,279.8864838901657,0
2017-08-21,2017,34,15427.0,5225690.0,295.2146032389981,0
2017-08-28,2017,35,16977.0,5225690.0,324.87575803386727,0
2017-09-04,2017,36,19325.0,5225690.0,369.80762349086916,0
2017-09-11,2017,37,25672.0,5225690.0,491.2652683186335,0
2017-09-18,2017,38,39552.0,5225690.0,756.8761254494622,0
2017-09-25,2017,39,45877.0,5225690.0,877.9127732414285,0
2017-10-02,2017,40,49914.0,5225690.0,955.1657293103877,0
2017-10-09,2017,41,50745.0,5225690.0,971.0679355262176,0
2017-10-16,2017,42,48795.0,5225690.0,933.7522891713821,0
2017-10-23,2017,43,46374.0,5225690.0,887.4234790046864,0
2017-10-30,2017,44,47137.0,5225690.0,902.024421655322,0
2017-11-06,2017,45,38938.0,5225690.0,745.126480904914,0
2017-11-13,2017,46,35981.0,5225690.0,688.5406520478635,0
2017-11-20,2017,47,40908.0,5225690.0,782.8248518377477,0
2017-11-27,2017,48,43474.0,5225690.0,831.9284151949312,0
2017-12-04,2017,49,46410.0,5225690.0,888.1123832450834,0
2017-12-11,2017,50,47128.0,5225690.0,901.8521955952228,0
2017-12-18,2017,51,48099.0,5225690.0,920.4334738570409,0
2017-12-25,2017,52,45103.0,5225690.0,863.1013320728937,0
2018-01-01,2017,53,42364.0,5225690.0,810.6872011160249,0
2018-01-01,2018,1,11862.0,5281579.0,224.5919260130351,0
2018-01-08,2018,2,36250.0,5281579.0,686.3477759207994,0
2018-01-15,2018,3,40453.0,5281579.0,765.9262504641131,0
2018-01-22,2018,4,44779.0,5281579.0,847.83357401262,0
2018-01-29,2018,5,52226.0,5281579.0,988.8330743514392,0
2018-02-05,2018,6,54980.0,5281579.0,1040.9765715896704,0
2018-02-12,2018,7,57763.0,5281579.0,1093.6691470486383,1
2018-02-19,2018,8,53488.0,5281579.0,1012.7274438193579,1
2018-02-26,2018,9,62294.0,5281579.0,1179.4578856058008,1
2018-03-05,2018,10,51468.0,5281579.0,974.4813056852885,1
2018-03-12,2018,11,74562.0,5281579.0,1411.736906709149,1
2018-03-19,2018,12,70620.0,5281579.0,1337.100136152465,1
2018-03-26,2018,13,60924.0,5281579.0,1153.518673108932,1
2018-04-02,2018,14,52777.0,5281579.0,999.2655605454354,1
2018-04-09,2018,15,46822.0,5281579.0,886.5151879769288,0
2018-04-16,2018,16,41692.0,5281579.0,789.3851441017923,0
2018-04-23,2018,17,45080.0,5281579.0,853.5326272692314,0
2018-04-30,2018,18,21279.0,5281579.0,402.89087789844666,0
2018-05-07,2018,19,27327.0,5281579.0,517.4020875196603,0
2018-05-14,2018,20,26038.0,5281579.0,492.99650729450417,0
2018-05-21,2018,21,25272.0,5281579.0,478.4932687743571,0
2018-05-28,2018,22,23624.0,5281579.0,447.2904788511163,0
2018-06-04,2018,23,24018.0,5281579.0,454.7503691604348,0
2018-06-11,2018,24,14926.0,5281579.0,282.60488009362354,0
2018-06-18,2018,25,18549.0,5281579.0,351.2017902222044,0
2018-06-25,2018,26,16999.0,5281579.0,321.85450601041845,0
2018-07-02,2018,27,16249.0,5281579.0,307.65420719826403,0
2018-07-09,2018,28,15958.0,5281579.0,302.1444912591481,0
2018-07-16,2018,29,14793.0,5281579.0,280.0866937709348,0
2018-07-23,2018,30,14626.0,5281579.0,276.9247605687617,0
2018-07-30,2018,31,13438.0,5281579.0,254.43148725030903,0
2018-08-06,2018,32,15445.0,5281579.0,292.43148687163443,0
2018-08-13,2018,33,15508.0,5281579.0,293.6243119718554,0
2018-08-20,2018,34,16976.0,5281579.0,321.41903018017905,0
2018-08-27,2018,35,19352.0,5281579.0,366.4055768170844,0
2018-09-03,2018,36,23863.0,5281579.0,451.8156407392562,0
2018-09-10,2018,37,38180.0,5281579.0,722.8898781974103,0
2018-09-17,2018,38,44678.0,5281579.0,845.9212671059166,0
2018-09-24,2018,39,45862.0,5281579.0,868.3388054973711,0
2018-10-01,2018,40,43933.0,5281579.0,831.8156369525099,0
2018-10-08,2018,41,41800.0,5281579.0,791.4299871307426,0
2018-10-15,2018,42,41056.0,5281579.0,777.3432907090853,0
2018-10-22,2018,43,40660.0,5281579.0,769.8455329362678,0
2018-10-29,2018,44,39613.0,5281579.0,750.0219157945,0
2018-11-05,2018,45,31681.0,5281579.0,599.8395555571544,0
2018-11-12,2018,46,39003.0,5281579.0,738.4723394272811,0
2018-11-19,2018,47,42425.0,5281579.0,803.2635694742046,0
2018-11-26,2018,48,45651.0,5281579.0,864.3437880982184,0
2018-12-03,2018,49,47606.0,5281579.0,901.3592336685676,0
2018-12-10,2018,50,46932.0,5281579.0,888.5978984693782,0
2018-12-17,2018,51,46201.0,5281579.0,874.757340560465,0
2018-12-24,2018,52,50662.0,5281579.0,959.2207178951597,0
2018-12-31,2019,1,14218.0,5351935.0,265.6609245067438,0
2019-01-07,2019,2,39396.0,5351935.0,736.1075947297567,0
2019-01-14,2019,3,44075.0,5351935.0,823.533918106255,0
2019-01-21,2019,4,47742.0,5351935.0,892.051192699463,0
2019-01-28,2019,5,58328.0,5351935.0,1089.8488116914723,1
2019-02-04,2019,6,64167.0,5351935.0,1198.9495388116634,1
2019-02-11,2019,7,64196.0,5351935.0,1199.4913989052557,1
2019-02-18,2019,8,57599.0,5351935.0,1076.2275700284104,1
2019-02-25,2019,9,55570.0,5351935.0,1038.3160483077615,1
2019-03-04,2019,10,44390.0,5351935.0,829.4196398125164,1
2019-03-11,2019,11,50163.0,5351935.0,937.2871680990147,1
2019-03-18,2019,12,46416.0,5351935.0,867.2751070407245,0
2019-03-25,2019,13,41497.0,5351935.0,775.3644242689794,0
2019-04-01,2019,14,38575.0,5351935.0,720.7673486318499,0
2019-04-08,2019,15,39016.0,5351935.0,729.0073590206159,0
2019-04-15,2019,16,36772.0,5351935.0,687.0785986750586,0
2019-04-22,2019,17,35195.0,5351935.0,657.6126204821247,0
2019-04-29,2019,18,21613.0,5351935.0,403.8352483727848,0
2019-05-06,2019,19,25134.0,5351935.0,469.62453766721757,0
2019-05-13,2019,20,28599.0,5351935.0,534.3674764360927,0
2019-05-20,2019,21,25831.0,5351935.0,482.6478647442467,0
2019-05-27,2019,22,24621.0,5351935.0,460.0392194598776,0
2019-06-03,2019,23,21865.0,5351935.0,408.5438257377939,0
2019-06-10,2019,24,17940.0,5351935.0,335.20586479469574,0
2019-06-17,2019,25,18343.0,5351935.0,342.7358516125476,0
2019-06-24,2019,26,17836.0,5351935.0,333.26264239008884,0
2019-07-01,2019,27,15949.0,5351935.0,298.0043666449611,0
2019-07-08,2019,28,15413.0,5351935.0,287.98929732891,0
2019-07-15,2019,29,15627.0,5351935.0,291.98785112300504,0
2019-07-22,2019,30,14889.0,5351935.0,278.19844598262125,0
